split,source_npz,image_path,ppm_path,prediction_path,event_count,pred_positive_count,model_weight,status,message
train,/root/EV-UAV-dataset/train/train_000.npz,/media/sult/山江冬夏/训练集、验证集/EV-UAV/log/versions/v1.0.1-leakyrelu-prediction-visuals/images/train/train_000_prediction.jpg,/media/sult/山江冬夏/训练集、验证集/EV-UAV/log/versions/v1.0.1-leakyrelu-prediction-visuals/images/train/train_000_prediction.ppm,/media/sult/山江冬夏/训练集、验证集/EV-UAV/log/versions/v1.0.1-leakyrelu-prediction-visuals/predictions/train/train_000_prediction.csv,39169,2363,/root/EV-UAV/log/model_leaky_relu/best_iou_seed37.pt,ok,LeakyReLU inference completed at threshold 0.9
train,/root/EV-UAV-dataset/train/train_001.npz,/media/sult/山江冬夏/训练集、验证集/EV-UAV/log/versions/v1.0.1-leakyrelu-prediction-visuals/images/train/train_001_prediction.jpg,/media/sult/山江冬夏/训练集、验证集/EV-UAV/log/versions/v1.0.1-leakyrelu-prediction-visuals/images/train/train_001_prediction.ppm,/media/sult/山江冬夏/训练集、验证集/EV-UAV/log/versions/v1.0.1-leakyrelu-prediction-visuals/predictions/train/train_001_prediction.csv,42161,2587,/root/EV-UAV/log/model_leaky_relu/best_iou_seed37.pt,ok,LeakyReLU inference completed at threshold 0.9
train,/root/EV-UAV-dataset/train/train_002.npz,/media/sult/山江冬夏/训练集、验证集/EV-UAV/log/versions/v1.0.1-leakyrelu-prediction-visuals/images/train/train_002_prediction.jpg,/media/sult/山江冬夏/训练集、验证集/EV-UAV/log/versions/v1.0.1-leakyrelu-prediction-visuals/images/train/train_002_prediction.ppm,/media/sult/山江冬夏/训练集、验证集/EV-UAV/log/versions/v1.0.1-leakyrelu-prediction-visuals/predictions/train/train_002_prediction.csv,44571,3463,/root/EV-UAV/log/model_leaky_relu/best_iou_seed37.pt,ok,LeakyReLU inference completed at threshold 0.9
train,/root/EV-UAV-dataset/train/train_003.npz,/media/sult/山江冬夏/训练集、验证集/EV-UAV/log/versions/v1.0.1-leakyrelu-prediction-visuals/images/train/train_003_prediction.jpg,/media/sult/山江冬夏/训练集、验证集/EV-UAV/log/versions/v1.0.1-leakyrelu-prediction-visuals/images/train/train_003_prediction.ppm,/media/sult/山江冬夏/训练集、验证集/EV-UAV/log/versions/v1.0.1-leakyrelu-prediction-visuals/predictions/train/train_003_prediction.csv,47086,4334,/root/EV-UAV/log/model_leaky_relu/best_iou_seed37.pt,ok,LeakyReLU inference completed at threshold 0.9
train,/root/EV-UAV-dataset/train/train_004.npz,/media/sult/山江冬夏/训练集、验证集/EV-UAV/log/versions/v1.0.1-leakyrelu-prediction-visuals/images/train/train_004_prediction.jpg,/media/sult/山江冬夏/训练集、验证集/EV-UAV/log/versions/v1.0.1-leakyrelu-prediction-visuals/images/train/train_004_prediction.ppm,/media/sult/山江冬夏/训练集、验证集/EV-UAV/log/versions/v1.0.1-leakyrelu-prediction-visuals/predictions/train/train_004_prediction.csv,45755,1016,/root/EV-UAV/log/model_leaky_relu/best_iou_seed37.pt,ok,LeakyReLU inference completed at threshold 0.9
train,/root/EV-UAV-dataset/train/train_005.npz,/media/sult/山江冬夏/训练集、验证集/EV-UAV/log/versions/v1.0.1-leakyrelu-prediction-visuals/images/train/train_005_prediction.jpg,/media/sult/山江冬夏/训练集、验证集/EV-UAV/log/versions/v1.0.1-leakyrelu-prediction-visuals/images/train/train_005_prediction.ppm,/media/sult/山江冬夏/训练集、验证集/EV-UAV/log/versions/v1.0.1-leakyrelu-prediction-visuals/predictions/train/train_005_prediction.csv,46627,869,/root/EV-UAV/log/model_leaky_relu/best_iou_seed37.pt,ok,LeakyReLU inference completed at threshold 0.9
train,/root/EV-UAV-dataset/train/train_006.npz,/media/sult/山江冬夏/训练集、验证集/EV-UAV/log/versions/v1.0.1-leakyrelu-prediction-visuals/images/train/train_006_prediction.jpg,/media/sult/山江冬夏/训练集、验证集/EV-UAV/log/versions/v1.0.1-leakyrelu-prediction-visuals/images/train/train_006_prediction.ppm,/media/sult/山江冬夏/训练集、验证集/EV-UAV/log/versions/v1.0.1-leakyrelu-prediction-visuals/predictions/train/train_006_prediction.csv,47857,1112,/root/EV-UAV/log/model_leaky_relu/best_iou_seed37.pt,ok,LeakyReLU inference completed at threshold 0.9
train,/root/EV-UAV-dataset/train/train_007.npz,/media/sult/山江冬夏/训练集、验证集/EV-UAV/log/versions/v1.0.1-leakyrelu-prediction-visuals/images/train/train_007_prediction.jpg,/media/sult/山江冬夏/训练集、验证集/EV-UAV/log/versions/v1.0.1-leakyrelu-prediction-visuals/images/train/train_007_prediction.ppm,/media/sult/山江冬夏/训练集、验证集/EV-UAV/log/versions/v1.0.1-leakyrelu-prediction-visuals/predictions/train/train_007_prediction.csv,51672,561,/root/EV-UAV/log/model_leaky_relu/best_iou_seed37.pt,ok,LeakyReLU inference completed at threshold 0.9
train,/root/EV-UAV-dataset/train/train_008.npz,/media/sult/山江冬夏/训练集、验证集/EV-UAV/log/versions/v1.0.1-leakyrelu-prediction-visuals/images/train/train_008_prediction.jpg,/media/sult/山江冬夏/训练集、验证集/EV-UAV/log/versions/v1.0.1-leakyrelu-prediction-visuals/images/train/train_008_prediction.ppm,/media/sult/山江冬夏/训练集、验证集/EV-UAV/log/versions/v1.0.1-leakyrelu-prediction-visuals/predictions/train/train_008_prediction.csv,54078,649,/root/EV-UAV/log/model_leaky_relu/best_iou_seed37.pt,ok,LeakyReLU inference completed at threshold 0.9
train,/root/EV-UAV-dataset/train/train_009.npz,/media/sult/山江冬夏/训练集、验证集/EV-UAV/log/versions/v1.0.1-leakyrelu-prediction-visuals/images/train/train_009_prediction.jpg,/media/sult/山江冬夏/训练集、验证集/EV-UAV/log/versions/v1.0.1-leakyrelu-prediction-visuals/images/train/train_009_prediction.ppm,/media/sult/山江冬夏/训练集、验证集/EV-UAV/log/versions/v1.0.1-leakyrelu-prediction-visuals/predictions/train/train_009_prediction.csv,55460,1733,/root/EV-UAV/log/model_leaky_relu/best_iou_seed37.pt,ok,LeakyReLU inference completed at threshold 0.9
train,/root/EV-UAV-dataset/train/train_010.npz,/media/sult/山江冬夏/训练集、验证集/EV-UAV/log/versions/v1.0.1-leakyrelu-prediction-visuals/images/train/train_010_prediction.jpg,/media/sult/山江冬夏/训练集、验证集/EV-UAV/log/versions/v1.0.1-leakyrelu-prediction-visuals/images/train/train_010_prediction.ppm,/media/sult/山江冬夏/训练集、验证集/EV-UAV/log/versions/v1.0.1-leakyrelu-prediction-visuals/predictions/train/train_010_prediction.csv,54478,1473,/root/EV-UAV/log/model_leaky_relu/best_iou_seed37.pt,ok,LeakyReLU inference completed at threshold 0.9
train,/root/EV-UAV-dataset/train/train_011.npz,/media/sult/山江冬夏/训练集、验证集/EV-UAV/log/versions/v1.0.1-leakyrelu-prediction-visuals/images/train/train_011_prediction.jpg,/media/sult/山江冬夏/训练集、验证集/EV-UAV/log/versions/v1.0.1-leakyrelu-prediction-visuals/images/train/train_011_prediction.ppm,/media/sult/山江冬夏/训练集、验证集/EV-UAV/log/versions/v1.0.1-leakyrelu-prediction-visuals/predictions/train/train_011_prediction.csv,55848,1409,/root/EV-UAV/log/model_leaky_relu/best_iou_seed37.pt,ok,LeakyReLU inference completed at threshold 0.9
train,/root/EV-UAV-dataset/train/train_012.npz,/media/sult/山江冬夏/训练集、验证集/EV-UAV/log/versions/v1.0.1-leakyrelu-prediction-visuals/images/train/train_012_prediction.jpg,/media/sult/山江冬夏/训练集、验证集/EV-UAV/log/versions/v1.0.1-leakyrelu-prediction-visuals/images/train/train_012_prediction.ppm,/media/sult/山江冬夏/训练集、验证集/EV-UAV/log/versions/v1.0.1-leakyrelu-prediction-visuals/predictions/train/train_012_prediction.csv,56081,1306,/root/EV-UAV/log/model_leaky_relu/best_iou_seed37.pt,ok,LeakyReLU inference completed at threshold 0.9
train,/root/EV-UAV-dataset/train/train_013.npz,/media/sult/山江冬夏/训练集、验证集/EV-UAV/log/versions/v1.0.1-leakyrelu-prediction-visuals/images/train/train_013_prediction.jpg,/media/sult/山江冬夏/训练集、验证集/EV-UAV/log/versions/v1.0.1-leakyrelu-prediction-visuals/images/train/train_013_prediction.ppm,/media/sult/山江冬夏/训练集、验证集/EV-UAV/log/versions/v1.0.1-leakyrelu-prediction-visuals/predictions/train/train_013_prediction.csv,57557,2001,/root/EV-UAV/log/model_leaky_relu/best_iou_seed37.pt,ok,LeakyReLU inference completed at threshold 0.9
train,/root/EV-UAV-dataset/train/train_014.npz,/media/sult/山江冬夏/训练集、验证集/EV-UAV/log/versions/v1.0.1-leakyrelu-prediction-visuals/images/train/train_014_prediction.jpg,/media/sult/山江冬夏/训练集、验证集/EV-UAV/log/versions/v1.0.1-leakyrelu-prediction-visuals/images/train/train_014_prediction.ppm,/media/sult/山江冬夏/训练集、验证集/EV-UAV/log/versions/v1.0.1-leakyrelu-prediction-visuals/predictions/train/train_014_prediction.csv,59011,2894,/root/EV-UAV/log/model_leaky_relu/best_iou_seed37.pt,ok,LeakyReLU inference completed at threshold 0.9
train,/root/EV-UAV-dataset/train/train_015.npz,/media/sult/山江冬夏/训练集、验证集/EV-UAV/log/versions/v1.0.1-leakyrelu-prediction-visuals/images/train/train_015_prediction.jpg,/media/sult/山江冬夏/训练集、验证集/EV-UAV/log/versions/v1.0.1-leakyrelu-prediction-visuals/images/train/train_015_prediction.ppm,/media/sult/山江冬夏/训练集、验证集/EV-UAV/log/versions/v1.0.1-leakyrelu-prediction-visuals/predictions/train/train_015_prediction.csv,25255,892,/root/EV-UAV/log/model_leaky_relu/best_iou_seed37.pt,ok,LeakyReLU inference completed at threshold 0.9
train,/root/EV-UAV-dataset/train/train_016.npz,/media/sult/山江冬夏/训练集、验证集/EV-UAV/log/versions/v1.0.1-leakyrelu-prediction-visuals/images/train/train_016_prediction.jpg,/media/sult/山江冬夏/训练集、验证集/EV-UAV/log/versions/v1.0.1-leakyrelu-prediction-visuals/images/train/train_016_prediction.ppm,/media/sult/山江冬夏/训练集、验证集/EV-UAV/log/versions/v1.0.1-leakyrelu-prediction-visuals/predictions/train/train_016_prediction.csv,25111,1078,/root/EV-UAV/log/model_leaky_relu/best_iou_seed37.pt,ok,LeakyReLU inference completed at threshold 0.9
train,/root/EV-UAV-dataset/train/train_017.npz,/media/sult/山江冬夏/训练集、验证集/EV-UAV/log/versions/v1.0.1-leakyrelu-prediction-visuals/images/train/train_017_prediction.jpg,/media/sult/山江冬夏/训练集、验证集/EV-UAV/log/versions/v1.0.1-leakyrelu-prediction-visuals/images/train/train_017_prediction.ppm,/media/sult/山江冬夏/训练集、验证集/EV-UAV/log/versions/v1.0.1-leakyrelu-prediction-visuals/predictions/train/train_017_prediction.csv,25232,1610,/root/EV-UAV/log/model_leaky_relu/best_iou_seed37.pt,ok,LeakyReLU inference completed at threshold 0.9
train,/root/EV-UAV-dataset/train/train_018.npz,/media/sult/山江冬夏/训练集、验证集/EV-UAV/log/versions/v1.0.1-leakyrelu-prediction-visuals/images/train/train_018_prediction.jpg,/media/sult/山江冬夏/训练集、验证集/EV-UAV/log/versions/v1.0.1-leakyrelu-prediction-visuals/images/train/train_018_prediction.ppm,/media/sult/山江冬夏/训练集、验证集/EV-UAV/log/versions/v1.0.1-leakyrelu-prediction-visuals/predictions/train/train_018_prediction.csv,23457,1313,/root/EV-UAV/log/model_leaky_relu/best_iou_seed37.pt,ok,LeakyReLU inference completed at threshold 0.9
train,/root/EV-UAV-dataset/train/train_019.npz,/media/sult/山江冬夏/训练集、验证集/EV-UAV/log/versions/v1.0.1-leakyrelu-prediction-visuals/images/train/train_019_prediction.jpg,/media/sult/山江冬夏/训练集、验证集/EV-UAV/log/versions/v1.0.1-leakyrelu-prediction-visuals/images/train/train_019_prediction.ppm,/media/sult/山江冬夏/训练集、验证集/EV-UAV/log/versions/v1.0.1-leakyrelu-prediction-visuals/predictions/train/train_019_prediction.csv,22312,593,/root/EV-UAV/log/model_leaky_relu/best_iou_seed37.pt,ok,LeakyReLU inference completed at threshold 0.9
train,/root/EV-UAV-dataset/train/train_020.npz,/media/sult/山江冬夏/训练集、验证集/EV-UAV/log/versions/v1.0.1-leakyrelu-prediction-visuals/images/train/train_020_prediction.jpg,/media/sult/山江冬夏/训练集、验证集/EV-UAV/log/versions/v1.0.1-leakyrelu-prediction-visuals/images/train/train_020_prediction.ppm,/media/sult/山江冬夏/训练集、验证集/EV-UAV/log/versions/v1.0.1-leakyrelu-prediction-visuals/predictions/train/train_020_prediction.csv,23042,647,/root/EV-UAV/log/model_leaky_relu/best_iou_seed37.pt,ok,LeakyReLU inference completed at threshold 0.9
train,/root/EV-UAV-dataset/train/train_021.npz,/media/sult/山江冬夏/训练集、验证集/EV-UAV/log/versions/v1.0.1-leakyrelu-prediction-visuals/images/train/train_021_prediction.jpg,/media/sult/山江冬夏/训练集、验证集/EV-UAV/log/versions/v1.0.1-leakyrelu-prediction-visuals/images/train/train_021_prediction.ppm,/media/sult/山江冬夏/训练集、验证集/EV-UAV/log/versions/v1.0.1-leakyrelu-prediction-visuals/predictions/train/train_021_prediction.csv,22246,1686,/root/EV-UAV/log/model_leaky_relu/best_iou_seed37.pt,ok,LeakyReLU inference completed at threshold 0.9
train,/root/EV-UAV-dataset/train/train_022.npz,/media/sult/山江冬夏/训练集、验证集/EV-UAV/log/versions/v1.0.1-leakyrelu-prediction-visuals/images/train/train_022_prediction.jpg,/media/sult/山江冬夏/训练集、验证集/EV-UAV/log/versions/v1.0.1-leakyrelu-prediction-visuals/images/train/train_022_prediction.ppm,/media/sult/山江冬夏/训练集、验证集/EV-UAV/log/versions/v1.0.1-leakyrelu-prediction-visuals/predictions/train/train_022_prediction.csv,21165,594,/root/EV-UAV/log/model_leaky_relu/best_iou_seed37.pt,ok,LeakyReLU inference completed at threshold 0.9
train,/root/EV-UAV-dataset/train/train_023.npz,/media/sult/山江冬夏/训练集、验证集/EV-UAV/log/versions/v1.0.1-leakyrelu-prediction-visuals/images/train/train_023_prediction.jpg,/media/sult/山江冬夏/训练集、验证集/EV-UAV/log/versions/v1.0.1-leakyrelu-prediction-visuals/images/train/train_023_prediction.ppm,/media/sult/山江冬夏/训练集、验证集/EV-UAV/log/versions/v1.0.1-leakyrelu-prediction-visuals/predictions/train/train_023_prediction.csv,22268,1566,/root/EV-UAV/log/model_leaky_relu/best_iou_seed37.pt,ok,LeakyReLU inference completed at threshold 0.9
train,/root/EV-UAV-dataset/train/train_024.npz,/media/sult/山江冬夏/训练集、验证集/EV-UAV/log/versions/v1.0.1-leakyrelu-prediction-visuals/images/train/train_024_prediction.jpg,/media/sult/山江冬夏/训练集、验证集/EV-UAV/log/versions/v1.0.1-leakyrelu-prediction-visuals/images/train/train_024_prediction.ppm,/media/sult/山江冬夏/训练集、验证集/EV-UAV/log/versions/v1.0.1-leakyrelu-prediction-visuals/predictions/train/train_024_prediction.csv,21547,1243,/root/EV-UAV/log/model_leaky_relu/best_iou_seed37.pt,ok,LeakyReLU inference completed at threshold 0.9
train,/root/EV-UAV-dataset/train/train_025.npz,/media/sult/山江冬夏/训练集、验证集/EV-UAV/log/versions/v1.0.1-leakyrelu-prediction-visuals/images/train/train_025_prediction.jpg,/media/sult/山江冬夏/训练集、验证集/EV-UAV/log/versions/v1.0.1-leakyrelu-prediction-visuals/images/train/train_025_prediction.ppm,/media/sult/山江冬夏/训练集、验证集/EV-UAV/log/versions/v1.0.1-leakyrelu-prediction-visuals/predictions/train/train_025_prediction.csv,20673,1024,/root/EV-UAV/log/model_leaky_relu/best_iou_seed37.pt,ok,LeakyReLU inference completed at threshold 0.9
train,/root/EV-UAV-dataset/train/train_026.npz,/media/sult/山江冬夏/训练集、验证集/EV-UAV/log/versions/v1.0.1-leakyrelu-prediction-visuals/images/train/train_026_prediction.jpg,/media/sult/山江冬夏/训练集、验证集/EV-UAV/log/versions/v1.0.1-leakyrelu-prediction-visuals/images/train/train_026_prediction.ppm,/media/sult/山江冬夏/训练集、验证集/EV-UAV/log/versions/v1.0.1-leakyrelu-prediction-visuals/predictions/train/train_026_prediction.csv,21416,800,/root/EV-UAV/log/model_leaky_relu/best_iou_seed37.pt,ok,LeakyReLU inference completed at threshold 0.9
train,/root/EV-UAV-dataset/train/train_027.npz,/media/sult/山江冬夏/训练集、验证集/EV-UAV/log/versions/v1.0.1-leakyrelu-prediction-visuals/images/train/train_027_prediction.jpg,/media/sult/山江冬夏/训练集、验证集/EV-UAV/log/versions/v1.0.1-leakyrelu-prediction-visuals/images/train/train_027_prediction.ppm,/media/sult/山江冬夏/训练集、验证集/EV-UAV/log/versions/v1.0.1-leakyrelu-prediction-visuals/predictions/train/train_027_prediction.csv,21238,947,/root/EV-UAV/log/model_leaky_relu/best_iou_seed37.pt,ok,LeakyReLU inference completed at threshold 0.9
train,/root/EV-UAV-dataset/train/train_028.npz,/media/sult/山江冬夏/训练集、验证集/EV-UAV/log/versions/v1.0.1-leakyrelu-prediction-visuals/images/train/train_028_prediction.jpg,/media/sult/山江冬夏/训练集、验证集/EV-UAV/log/versions/v1.0.1-leakyrelu-prediction-visuals/images/train/train_028_prediction.ppm,/media/sult/山江冬夏/训练集、验证集/EV-UAV/log/versions/v1.0.1-leakyrelu-prediction-visuals/predictions/train/train_028_prediction.csv,56395,2393,/root/EV-UAV/log/model_leaky_relu/best_iou_seed37.pt,ok,LeakyReLU inference completed at threshold 0.9
train,/root/EV-UAV-dataset/train/train_029.npz,/media/sult/山江冬夏/训练集、验证集/EV-UAV/log/versions/v1.0.1-leakyrelu-prediction-visuals/images/train/train_029_prediction.jpg,/media/sult/山江冬夏/训练集、验证集/EV-UAV/log/versions/v1.0.1-leakyrelu-prediction-visuals/images/train/train_029_prediction.ppm,/media/sult/山江冬夏/训练集、验证集/EV-UAV/log/versions/v1.0.1-leakyrelu-prediction-visuals/predictions/train/train_029_prediction.csv,59392,3472,/root/EV-UAV/log/model_leaky_relu/best_iou_seed37.pt,ok,LeakyReLU inference completed at threshold 0.9
train,/root/EV-UAV-dataset/train/train_030.npz,/media/sult/山江冬夏/训练集、验证集/EV-UAV/log/versions/v1.0.1-leakyrelu-prediction-visuals/images/train/train_030_prediction.jpg,/media/sult/山江冬夏/训练集、验证集/EV-UAV/log/versions/v1.0.1-leakyrelu-prediction-visuals/images/train/train_030_prediction.ppm,/media/sult/山江冬夏/训练集、验证集/EV-UAV/log/versions/v1.0.1-leakyrelu-prediction-visuals/predictions/train/train_030_prediction.csv,54775,4342,/root/EV-UAV/log/model_leaky_relu/best_iou_seed37.pt,ok,LeakyReLU inference completed at threshold 0.9
train,/root/EV-UAV-dataset/train/train_031.npz,/media/sult/山江冬夏/训练集、验证集/EV-UAV/log/versions/v1.0.1-leakyrelu-prediction-visuals/images/train/train_031_prediction.jpg,/media/sult/山江冬夏/训练集、验证集/EV-UAV/log/versions/v1.0.1-leakyrelu-prediction-visuals/images/train/train_031_prediction.ppm,/media/sult/山江冬夏/训练集、验证集/EV-UAV/log/versions/v1.0.1-leakyrelu-prediction-visuals/predictions/train/train_031_prediction.csv,61472,2704,/root/EV-UAV/log/model_leaky_relu/best_iou_seed37.pt,ok,LeakyReLU inference completed at threshold 0.9
train,/root/EV-UAV-dataset/train/train_032.npz,/media/sult/山江冬夏/训练集、验证集/EV-UAV/log/versions/v1.0.1-leakyrelu-prediction-visuals/images/train/train_032_prediction.jpg,/media/sult/山江冬夏/训练集、验证集/EV-UAV/log/versions/v1.0.1-leakyrelu-prediction-visuals/images/train/train_032_prediction.ppm,/media/sult/山江冬夏/训练集、验证集/EV-UAV/log/versions/v1.0.1-leakyrelu-prediction-visuals/predictions/train/train_032_prediction.csv,30017,2926,/root/EV-UAV/log/model_leaky_relu/best_iou_seed37.pt,ok,LeakyReLU inference completed at threshold 0.9
train,/root/EV-UAV-dataset/train/train_033.npz,/media/sult/山江冬夏/训练集、验证集/EV-UAV/log/versions/v1.0.1-leakyrelu-prediction-visuals/images/train/train_033_prediction.jpg,/media/sult/山江冬夏/训练集、验证集/EV-UAV/log/versions/v1.0.1-leakyrelu-prediction-visuals/images/train/train_033_prediction.ppm,/media/sult/山江冬夏/训练集、验证集/EV-UAV/log/versions/v1.0.1-leakyrelu-prediction-visuals/predictions/train/train_033_prediction.csv,26806,3442,/root/EV-UAV/log/model_leaky_relu/best_iou_seed37.pt,ok,LeakyReLU inference completed at threshold 0.9
train,/root/EV-UAV-dataset/train/train_034.npz,/media/sult/山江冬夏/训练集、验证集/EV-UAV/log/versions/v1.0.1-leakyrelu-prediction-visuals/images/train/train_034_prediction.jpg,/media/sult/山江冬夏/训练集、验证集/EV-UAV/log/versions/v1.0.1-leakyrelu-prediction-visuals/images/train/train_034_prediction.ppm,/media/sult/山江冬夏/训练集、验证集/EV-UAV/log/versions/v1.0.1-leakyrelu-prediction-visuals/predictions/train/train_034_prediction.csv,20849,3615,/root/EV-UAV/log/model_leaky_relu/best_iou_seed37.pt,ok,LeakyReLU inference completed at threshold 0.9
train,/root/EV-UAV-dataset/train/train_035.npz,/media/sult/山江冬夏/训练集、验证集/EV-UAV/log/versions/v1.0.1-leakyrelu-prediction-visuals/images/train/train_035_prediction.jpg,/media/sult/山江冬夏/训练集、验证集/EV-UAV/log/versions/v1.0.1-leakyrelu-prediction-visuals/images/train/train_035_prediction.ppm,/media/sult/山江冬夏/训练集、验证集/EV-UAV/log/versions/v1.0.1-leakyrelu-prediction-visuals/predictions/train/train_035_prediction.csv,19075,3679,/root/EV-UAV/log/model_leaky_relu/best_iou_seed37.pt,ok,LeakyReLU inference completed at threshold 0.9
train,/root/EV-UAV-dataset/train/train_036.npz,/media/sult/山江冬夏/训练集、验证集/EV-UAV/log/versions/v1.0.1-leakyrelu-prediction-visuals/images/train/train_036_prediction.jpg,/media/sult/山江冬夏/训练集、验证集/EV-UAV/log/versions/v1.0.1-leakyrelu-prediction-visuals/images/train/train_036_prediction.ppm,/media/sult/山江冬夏/训练集、验证集/EV-UAV/log/versions/v1.0.1-leakyrelu-prediction-visuals/predictions/train/train_036_prediction.csv,18486,3491,/root/EV-UAV/log/model_leaky_relu/best_iou_seed37.pt,ok,LeakyReLU inference completed at threshold 0.9
train,/root/EV-UAV-dataset/train/train_037.npz,/media/sult/山江冬夏/训练集、验证集/EV-UAV/log/versions/v1.0.1-leakyrelu-prediction-visuals/images/train/train_037_prediction.jpg,/media/sult/山江冬夏/训练集、验证集/EV-UAV/log/versions/v1.0.1-leakyrelu-prediction-visuals/images/train/train_037_prediction.ppm,/media/sult/山江冬夏/训练集、验证集/EV-UAV/log/versions/v1.0.1-leakyrelu-prediction-visuals/predictions/train/train_037_prediction.csv,20914,3022,/root/EV-UAV/log/model_leaky_relu/best_iou_seed37.pt,ok,LeakyReLU inference completed at threshold 0.9
train,/root/EV-UAV-dataset/train/train_038.npz,/media/sult/山江冬夏/训练集、验证集/EV-UAV/log/versions/v1.0.1-leakyrelu-prediction-visuals/images/train/train_038_prediction.jpg,/media/sult/山江冬夏/训练集、验证集/EV-UAV/log/versions/v1.0.1-leakyrelu-prediction-visuals/images/train/train_038_prediction.ppm,/media/sult/山江冬夏/训练集、验证集/EV-UAV/log/versions/v1.0.1-leakyrelu-prediction-visuals/predictions/train/train_038_prediction.csv,17867,3090,/root/EV-UAV/log/model_leaky_relu/best_iou_seed37.pt,ok,LeakyReLU inference completed at threshold 0.9
train,/root/EV-UAV-dataset/train/train_039.npz,/media/sult/山江冬夏/训练集、验证集/EV-UAV/log/versions/v1.0.1-leakyrelu-prediction-visuals/images/train/train_039_prediction.jpg,/media/sult/山江冬夏/训练集、验证集/EV-UAV/log/versions/v1.0.1-leakyrelu-prediction-visuals/images/train/train_039_prediction.ppm,/media/sult/山江冬夏/训练集、验证集/EV-UAV/log/versions/v1.0.1-leakyrelu-prediction-visuals/predictions/train/train_039_prediction.csv,20340,4266,/root/EV-UAV/log/model_leaky_relu/best_iou_seed37.pt,ok,LeakyReLU inference completed at threshold 0.9
train,/root/EV-UAV-dataset/train/train_040.npz,/media/sult/山江冬夏/训练集、验证集/EV-UAV/log/versions/v1.0.1-leakyrelu-prediction-visuals/images/train/train_040_prediction.jpg,/media/sult/山江冬夏/训练集、验证集/EV-UAV/log/versions/v1.0.1-leakyrelu-prediction-visuals/images/train/train_040_prediction.ppm,/media/sult/山江冬夏/训练集、验证集/EV-UAV/log/versions/v1.0.1-leakyrelu-prediction-visuals/predictions/train/train_040_prediction.csv,44502,1027,/root/EV-UAV/log/model_leaky_relu/best_iou_seed37.pt,ok,LeakyReLU inference completed at threshold 0.9
train,/root/EV-UAV-dataset/train/train_041.npz,/media/sult/山江冬夏/训练集、验证集/EV-UAV/log/versions/v1.0.1-leakyrelu-prediction-visuals/images/train/train_041_prediction.jpg,/media/sult/山江冬夏/训练集、验证集/EV-UAV/log/versions/v1.0.1-leakyrelu-prediction-visuals/images/train/train_041_prediction.ppm,/media/sult/山江冬夏/训练集、验证集/EV-UAV/log/versions/v1.0.1-leakyrelu-prediction-visuals/predictions/train/train_041_prediction.csv,44937,1768,/root/EV-UAV/log/model_leaky_relu/best_iou_seed37.pt,ok,LeakyReLU inference completed at threshold 0.9
train,/root/EV-UAV-dataset/train/train_042.npz,/media/sult/山江冬夏/训练集、验证集/EV-UAV/log/versions/v1.0.1-leakyrelu-prediction-visuals/images/train/train_042_prediction.jpg,/media/sult/山江冬夏/训练集、验证集/EV-UAV/log/versions/v1.0.1-leakyrelu-prediction-visuals/images/train/train_042_prediction.ppm,/media/sult/山江冬夏/训练集、验证集/EV-UAV/log/versions/v1.0.1-leakyrelu-prediction-visuals/predictions/train/train_042_prediction.csv,43563,1133,/root/EV-UAV/log/model_leaky_relu/best_iou_seed37.pt,ok,LeakyReLU inference completed at threshold 0.9
train,/root/EV-UAV-dataset/train/train_043.npz,/media/sult/山江冬夏/训练集、验证集/EV-UAV/log/versions/v1.0.1-leakyrelu-prediction-visuals/images/train/train_043_prediction.jpg,/media/sult/山江冬夏/训练集、验证集/EV-UAV/log/versions/v1.0.1-leakyrelu-prediction-visuals/images/train/train_043_prediction.ppm,/media/sult/山江冬夏/训练集、验证集/EV-UAV/log/versions/v1.0.1-leakyrelu-prediction-visuals/predictions/train/train_043_prediction.csv,44220,1574,/root/EV-UAV/log/model_leaky_relu/best_iou_seed37.pt,ok,LeakyReLU inference completed at threshold 0.9
train,/root/EV-UAV-dataset/train/train_044.npz,/media/sult/山江冬夏/训练集、验证集/EV-UAV/log/versions/v1.0.1-leakyrelu-prediction-visuals/images/train/train_044_prediction.jpg,/media/sult/山江冬夏/训练集、验证集/EV-UAV/log/versions/v1.0.1-leakyrelu-prediction-visuals/images/train/train_044_prediction.ppm,/media/sult/山江冬夏/训练集、验证集/EV-UAV/log/versions/v1.0.1-leakyrelu-prediction-visuals/predictions/train/train_044_prediction.csv,297725,80354,/root/EV-UAV/log/model_leaky_relu/best_iou_seed37.pt,ok,LeakyReLU inference completed at threshold 0.9
train,/root/EV-UAV-dataset/train/train_045.npz,/media/sult/山江冬夏/训练集、验证集/EV-UAV/log/versions/v1.0.1-leakyrelu-prediction-visuals/images/train/train_045_prediction.jpg,/media/sult/山江冬夏/训练集、验证集/EV-UAV/log/versions/v1.0.1-leakyrelu-prediction-visuals/images/train/train_045_prediction.ppm,/media/sult/山江冬夏/训练集、验证集/EV-UAV/log/versions/v1.0.1-leakyrelu-prediction-visuals/predictions/train/train_045_prediction.csv,278956,73842,/root/EV-UAV/log/model_leaky_relu/best_iou_seed37.pt,ok,LeakyReLU inference completed at threshold 0.9
train,/root/EV-UAV-dataset/train/train_046.npz,/media/sult/山江冬夏/训练集、验证集/EV-UAV/log/versions/v1.0.1-leakyrelu-prediction-visuals/images/train/train_046_prediction.jpg,/media/sult/山江冬夏/训练集、验证集/EV-UAV/log/versions/v1.0.1-leakyrelu-prediction-visuals/images/train/train_046_prediction.ppm,/media/sult/山江冬夏/训练集、验证集/EV-UAV/log/versions/v1.0.1-leakyrelu-prediction-visuals/predictions/train/train_046_prediction.csv,272501,71982,/root/EV-UAV/log/model_leaky_relu/best_iou_seed37.pt,ok,LeakyReLU inference completed at threshold 0.9
train,/root/EV-UAV-dataset/train/train_047.npz,/media/sult/山江冬夏/训练集、验证集/EV-UAV/log/versions/v1.0.1-leakyrelu-prediction-visuals/images/train/train_047_prediction.jpg,/media/sult/山江冬夏/训练集、验证集/EV-UAV/log/versions/v1.0.1-leakyrelu-prediction-visuals/images/train/train_047_prediction.ppm,/media/sult/山江冬夏/训练集、验证集/EV-UAV/log/versions/v1.0.1-leakyrelu-prediction-visuals/predictions/train/train_047_prediction.csv,252604,59275,/root/EV-UAV/log/model_leaky_relu/best_iou_seed37.pt,ok,LeakyReLU inference completed at threshold 0.9
train,/root/EV-UAV-dataset/train/train_048.npz,/media/sult/山江冬夏/训练集、验证集/EV-UAV/log/versions/v1.0.1-leakyrelu-prediction-visuals/images/train/train_048_prediction.jpg,/media/sult/山江冬夏/训练集、验证集/EV-UAV/log/versions/v1.0.1-leakyrelu-prediction-visuals/images/train/train_048_prediction.ppm,/media/sult/山江冬夏/训练集、验证集/EV-UAV/log/versions/v1.0.1-leakyrelu-prediction-visuals/predictions/train/train_048_prediction.csv,20433,2739,/root/EV-UAV/log/model_leaky_relu/best_iou_seed37.pt,ok,LeakyReLU inference completed at threshold 0.9
train,/root/EV-UAV-dataset/train/train_049.npz,/media/sult/山江冬夏/训练集、验证集/EV-UAV/log/versions/v1.0.1-leakyrelu-prediction-visuals/images/train/train_049_prediction.jpg,/media/sult/山江冬夏/训练集、验证集/EV-UAV/log/versions/v1.0.1-leakyrelu-prediction-visuals/images/train/train_049_prediction.ppm,/media/sult/山江冬夏/训练集、验证集/EV-UAV/log/versions/v1.0.1-leakyrelu-prediction-visuals/predictions/train/train_049_prediction.csv,22833,3662,/root/EV-UAV/log/model_leaky_relu/best_iou_seed37.pt,ok,LeakyReLU inference completed at threshold 0.9
train,/root/EV-UAV-dataset/train/train_050.npz,/media/sult/山江冬夏/训练集、验证集/EV-UAV/log/versions/v1.0.1-leakyrelu-prediction-visuals/images/train/train_050_prediction.jpg,/media/sult/山江冬夏/训练集、验证集/EV-UAV/log/versions/v1.0.1-leakyrelu-prediction-visuals/images/train/train_050_prediction.ppm,/media/sult/山江冬夏/训练集、验证集/EV-UAV/log/versions/v1.0.1-leakyrelu-prediction-visuals/predictions/train/train_050_prediction.csv,18300,1674,/root/EV-UAV/log/model_leaky_relu/best_iou_seed37.pt,ok,LeakyReLU inference completed at threshold 0.9
train,/root/EV-UAV-dataset/train/train_051.npz,/media/sult/山江冬夏/训练集、验证集/EV-UAV/log/versions/v1.0.1-leakyrelu-prediction-visuals/images/train/train_051_prediction.jpg,/media/sult/山江冬夏/训练集、验证集/EV-UAV/log/versions/v1.0.1-leakyrelu-prediction-visuals/images/train/train_051_prediction.ppm,/media/sult/山江冬夏/训练集、验证集/EV-UAV/log/versions/v1.0.1-leakyrelu-prediction-visuals/predictions/train/train_051_prediction.csv,18574,1367,/root/EV-UAV/log/model_leaky_relu/best_iou_seed37.pt,ok,LeakyReLU inference completed at threshold 0.9
train,/root/EV-UAV-dataset/train/train_052.npz,/media/sult/山江冬夏/训练集、验证集/EV-UAV/log/versions/v1.0.1-leakyrelu-prediction-visuals/images/train/train_052_prediction.jpg,/media/sult/山江冬夏/训练集、验证集/EV-UAV/log/versions/v1.0.1-leakyrelu-prediction-visuals/images/train/train_052_prediction.ppm,/media/sult/山江冬夏/训练集、验证集/EV-UAV/log/versions/v1.0.1-leakyrelu-prediction-visuals/predictions/train/train_052_prediction.csv,17631,1164,/root/EV-UAV/log/model_leaky_relu/best_iou_seed37.pt,ok,LeakyReLU inference completed at threshold 0.9
train,/root/EV-UAV-dataset/train/train_053.npz,/media/sult/山江冬夏/训练集、验证集/EV-UAV/log/versions/v1.0.1-leakyrelu-prediction-visuals/images/train/train_053_prediction.jpg,/media/sult/山江冬夏/训练集、验证集/EV-UAV/log/versions/v1.0.1-leakyrelu-prediction-visuals/images/train/train_053_prediction.ppm,/media/sult/山江冬夏/训练集、验证集/EV-UAV/log/versions/v1.0.1-leakyrelu-prediction-visuals/predictions/train/train_053_prediction.csv,17763,1032,/root/EV-UAV/log/model_leaky_relu/best_iou_seed37.pt,ok,LeakyReLU inference completed at threshold 0.9
train,/root/EV-UAV-dataset/train/train_054.npz,/media/sult/山江冬夏/训练集、验证集/EV-UAV/log/versions/v1.0.1-leakyrelu-prediction-visuals/images/train/train_054_prediction.jpg,/media/sult/山江冬夏/训练集、验证集/EV-UAV/log/versions/v1.0.1-leakyrelu-prediction-visuals/images/train/train_054_prediction.ppm,/media/sult/山江冬夏/训练集、验证集/EV-UAV/log/versions/v1.0.1-leakyrelu-prediction-visuals/predictions/train/train_054_prediction.csv,12322,846,/root/EV-UAV/log/model_leaky_relu/best_iou_seed37.pt,ok,LeakyReLU inference completed at threshold 0.9
train,/root/EV-UAV-dataset/train/train_055.npz,/media/sult/山江冬夏/训练集、验证集/EV-UAV/log/versions/v1.0.1-leakyrelu-prediction-visuals/images/train/train_055_prediction.jpg,/media/sult/山江冬夏/训练集、验证集/EV-UAV/log/versions/v1.0.1-leakyrelu-prediction-visuals/images/train/train_055_prediction.ppm,/media/sult/山江冬夏/训练集、验证集/EV-UAV/log/versions/v1.0.1-leakyrelu-prediction-visuals/predictions/train/train_055_prediction.csv,20090,3087,/root/EV-UAV/log/model_leaky_relu/best_iou_seed37.pt,ok,LeakyReLU inference completed at threshold 0.9
train,/root/EV-UAV-dataset/train/train_056.npz,/media/sult/山江冬夏/训练集、验证集/EV-UAV/log/versions/v1.0.1-leakyrelu-prediction-visuals/images/train/train_056_prediction.jpg,/media/sult/山江冬夏/训练集、验证集/EV-UAV/log/versions/v1.0.1-leakyrelu-prediction-visuals/images/train/train_056_prediction.ppm,/media/sult/山江冬夏/训练集、验证集/EV-UAV/log/versions/v1.0.1-leakyrelu-prediction-visuals/predictions/train/train_056_prediction.csv,24294,1956,/root/EV-UAV/log/model_leaky_relu/best_iou_seed37.pt,ok,LeakyReLU inference completed at threshold 0.9
train,/root/EV-UAV-dataset/train/train_057.npz,/media/sult/山江冬夏/训练集、验证集/EV-UAV/log/versions/v1.0.1-leakyrelu-prediction-visuals/images/train/train_057_prediction.jpg,/media/sult/山江冬夏/训练集、验证集/EV-UAV/log/versions/v1.0.1-leakyrelu-prediction-visuals/images/train/train_057_prediction.ppm,/media/sult/山江冬夏/训练集、验证集/EV-UAV/log/versions/v1.0.1-leakyrelu-prediction-visuals/predictions/train/train_057_prediction.csv,18076,2163,/root/EV-UAV/log/model_leaky_relu/best_iou_seed37.pt,ok,LeakyReLU inference completed at threshold 0.9
train,/root/EV-UAV-dataset/train/train_058.npz,/media/sult/山江冬夏/训练集、验证集/EV-UAV/log/versions/v1.0.1-leakyrelu-prediction-visuals/images/train/train_058_prediction.jpg,/media/sult/山江冬夏/训练集、验证集/EV-UAV/log/versions/v1.0.1-leakyrelu-prediction-visuals/images/train/train_058_prediction.ppm,/media/sult/山江冬夏/训练集、验证集/EV-UAV/log/versions/v1.0.1-leakyrelu-prediction-visuals/predictions/train/train_058_prediction.csv,14707,1081,/root/EV-UAV/log/model_leaky_relu/best_iou_seed37.pt,ok,LeakyReLU inference completed at threshold 0.9
train,/root/EV-UAV-dataset/train/train_059.npz,/media/sult/山江冬夏/训练集、验证集/EV-UAV/log/versions/v1.0.1-leakyrelu-prediction-visuals/images/train/train_059_prediction.jpg,/media/sult/山江冬夏/训练集、验证集/EV-UAV/log/versions/v1.0.1-leakyrelu-prediction-visuals/images/train/train_059_prediction.ppm,/media/sult/山江冬夏/训练集、验证集/EV-UAV/log/versions/v1.0.1-leakyrelu-prediction-visuals/predictions/train/train_059_prediction.csv,44257,615,/root/EV-UAV/log/model_leaky_relu/best_iou_seed37.pt,ok,LeakyReLU inference completed at threshold 0.9
train,/root/EV-UAV-dataset/train/train_060.npz,/media/sult/山江冬夏/训练集、验证集/EV-UAV/log/versions/v1.0.1-leakyrelu-prediction-visuals/images/train/train_060_prediction.jpg,/media/sult/山江冬夏/训练集、验证集/EV-UAV/log/versions/v1.0.1-leakyrelu-prediction-visuals/images/train/train_060_prediction.ppm,/media/sult/山江冬夏/训练集、验证集/EV-UAV/log/versions/v1.0.1-leakyrelu-prediction-visuals/predictions/train/train_060_prediction.csv,43606,934,/root/EV-UAV/log/model_leaky_relu/best_iou_seed37.pt,ok,LeakyReLU inference completed at threshold 0.9
train,/root/EV-UAV-dataset/train/train_061.npz,/media/sult/山江冬夏/训练集、验证集/EV-UAV/log/versions/v1.0.1-leakyrelu-prediction-visuals/images/train/train_061_prediction.jpg,/media/sult/山江冬夏/训练集、验证集/EV-UAV/log/versions/v1.0.1-leakyrelu-prediction-visuals/images/train/train_061_prediction.ppm,/media/sult/山江冬夏/训练集、验证集/EV-UAV/log/versions/v1.0.1-leakyrelu-prediction-visuals/predictions/train/train_061_prediction.csv,43318,1316,/root/EV-UAV/log/model_leaky_relu/best_iou_seed37.pt,ok,LeakyReLU inference completed at threshold 0.9
train,/root/EV-UAV-dataset/train/train_062.npz,/media/sult/山江冬夏/训练集、验证集/EV-UAV/log/versions/v1.0.1-leakyrelu-prediction-visuals/images/train/train_062_prediction.jpg,/media/sult/山江冬夏/训练集、验证集/EV-UAV/log/versions/v1.0.1-leakyrelu-prediction-visuals/images/train/train_062_prediction.ppm,/media/sult/山江冬夏/训练集、验证集/EV-UAV/log/versions/v1.0.1-leakyrelu-prediction-visuals/predictions/train/train_062_prediction.csv,32985,1151,/root/EV-UAV/log/model_leaky_relu/best_iou_seed37.pt,ok,LeakyReLU inference completed at threshold 0.9
train,/root/EV-UAV-dataset/train/train_063.npz,/media/sult/山江冬夏/训练集、验证集/EV-UAV/log/versions/v1.0.1-leakyrelu-prediction-visuals/images/train/train_063_prediction.jpg,/media/sult/山江冬夏/训练集、验证集/EV-UAV/log/versions/v1.0.1-leakyrelu-prediction-visuals/images/train/train_063_prediction.ppm,/media/sult/山江冬夏/训练集、验证集/EV-UAV/log/versions/v1.0.1-leakyrelu-prediction-visuals/predictions/train/train_063_prediction.csv,32769,725,/root/EV-UAV/log/model_leaky_relu/best_iou_seed37.pt,ok,LeakyReLU inference completed at threshold 0.9
train,/root/EV-UAV-dataset/train/train_064.npz,/media/sult/山江冬夏/训练集、验证集/EV-UAV/log/versions/v1.0.1-leakyrelu-prediction-visuals/images/train/train_064_prediction.jpg,/media/sult/山江冬夏/训练集、验证集/EV-UAV/log/versions/v1.0.1-leakyrelu-prediction-visuals/images/train/train_064_prediction.ppm,/media/sult/山江冬夏/训练集、验证集/EV-UAV/log/versions/v1.0.1-leakyrelu-prediction-visuals/predictions/train/train_064_prediction.csv,33361,1387,/root/EV-UAV/log/model_leaky_relu/best_iou_seed37.pt,ok,LeakyReLU inference completed at threshold 0.9
train,/root/EV-UAV-dataset/train/train_065.npz,/media/sult/山江冬夏/训练集、验证集/EV-UAV/log/versions/v1.0.1-leakyrelu-prediction-visuals/images/train/train_065_prediction.jpg,/media/sult/山江冬夏/训练集、验证集/EV-UAV/log/versions/v1.0.1-leakyrelu-prediction-visuals/images/train/train_065_prediction.ppm,/media/sult/山江冬夏/训练集、验证集/EV-UAV/log/versions/v1.0.1-leakyrelu-prediction-visuals/predictions/train/train_065_prediction.csv,33115,932,/root/EV-UAV/log/model_leaky_relu/best_iou_seed37.pt,ok,LeakyReLU inference completed at threshold 0.9
train,/root/EV-UAV-dataset/train/train_066.npz,/media/sult/山江冬夏/训练集、验证集/EV-UAV/log/versions/v1.0.1-leakyrelu-prediction-visuals/images/train/train_066_prediction.jpg,/media/sult/山江冬夏/训练集、验证集/EV-UAV/log/versions/v1.0.1-leakyrelu-prediction-visuals/images/train/train_066_prediction.ppm,/media/sult/山江冬夏/训练集、验证集/EV-UAV/log/versions/v1.0.1-leakyrelu-prediction-visuals/predictions/train/train_066_prediction.csv,20297,871,/root/EV-UAV/log/model_leaky_relu/best_iou_seed37.pt,ok,LeakyReLU inference completed at threshold 0.9
train,/root/EV-UAV-dataset/train/train_067.npz,/media/sult/山江冬夏/训练集、验证集/EV-UAV/log/versions/v1.0.1-leakyrelu-prediction-visuals/images/train/train_067_prediction.jpg,/media/sult/山江冬夏/训练集、验证集/EV-UAV/log/versions/v1.0.1-leakyrelu-prediction-visuals/images/train/train_067_prediction.ppm,/media/sult/山江冬夏/训练集、验证集/EV-UAV/log/versions/v1.0.1-leakyrelu-prediction-visuals/predictions/train/train_067_prediction.csv,32582,1702,/root/EV-UAV/log/model_leaky_relu/best_iou_seed37.pt,ok,LeakyReLU inference completed at threshold 0.9
train,/root/EV-UAV-dataset/train/train_068.npz,/media/sult/山江冬夏/训练集、验证集/EV-UAV/log/versions/v1.0.1-leakyrelu-prediction-visuals/images/train/train_068_prediction.jpg,/media/sult/山江冬夏/训练集、验证集/EV-UAV/log/versions/v1.0.1-leakyrelu-prediction-visuals/images/train/train_068_prediction.ppm,/media/sult/山江冬夏/训练集、验证集/EV-UAV/log/versions/v1.0.1-leakyrelu-prediction-visuals/predictions/train/train_068_prediction.csv,32205,2012,/root/EV-UAV/log/model_leaky_relu/best_iou_seed37.pt,ok,LeakyReLU inference completed at threshold 0.9
train,/root/EV-UAV-dataset/train/train_069.npz,/media/sult/山江冬夏/训练集、验证集/EV-UAV/log/versions/v1.0.1-leakyrelu-prediction-visuals/images/train/train_069_prediction.jpg,/media/sult/山江冬夏/训练集、验证集/EV-UAV/log/versions/v1.0.1-leakyrelu-prediction-visuals/images/train/train_069_prediction.ppm,/media/sult/山江冬夏/训练集、验证集/EV-UAV/log/versions/v1.0.1-leakyrelu-prediction-visuals/predictions/train/train_069_prediction.csv,31752,178,/root/EV-UAV/log/model_leaky_relu/best_iou_seed37.pt,ok,LeakyReLU inference completed at threshold 0.9
train,/root/EV-UAV-dataset/train/train_070.npz,/media/sult/山江冬夏/训练集、验证集/EV-UAV/log/versions/v1.0.1-leakyrelu-prediction-visuals/images/train/train_070_prediction.jpg,/media/sult/山江冬夏/训练集、验证集/EV-UAV/log/versions/v1.0.1-leakyrelu-prediction-visuals/images/train/train_070_prediction.ppm,/media/sult/山江冬夏/训练集、验证集/EV-UAV/log/versions/v1.0.1-leakyrelu-prediction-visuals/predictions/train/train_070_prediction.csv,31854,196,/root/EV-UAV/log/model_leaky_relu/best_iou_seed37.pt,ok,LeakyReLU inference completed at threshold 0.9
train,/root/EV-UAV-dataset/train/train_071.npz,/media/sult/山江冬夏/训练集、验证集/EV-UAV/log/versions/v1.0.1-leakyrelu-prediction-visuals/images/train/train_071_prediction.jpg,/media/sult/山江冬夏/训练集、验证集/EV-UAV/log/versions/v1.0.1-leakyrelu-prediction-visuals/images/train/train_071_prediction.ppm,/media/sult/山江冬夏/训练集、验证集/EV-UAV/log/versions/v1.0.1-leakyrelu-prediction-visuals/predictions/train/train_071_prediction.csv,32667,1340,/root/EV-UAV/log/model_leaky_relu/best_iou_seed37.pt,ok,LeakyReLU inference completed at threshold 0.9
train,/root/EV-UAV-dataset/train/train_072.npz,/media/sult/山江冬夏/训练集、验证集/EV-UAV/log/versions/v1.0.1-leakyrelu-prediction-visuals/images/train/train_072_prediction.jpg,/media/sult/山江冬夏/训练集、验证集/EV-UAV/log/versions/v1.0.1-leakyrelu-prediction-visuals/images/train/train_072_prediction.ppm,/media/sult/山江冬夏/训练集、验证集/EV-UAV/log/versions/v1.0.1-leakyrelu-prediction-visuals/predictions/train/train_072_prediction.csv,35190,3470,/root/EV-UAV/log/model_leaky_relu/best_iou_seed37.pt,ok,LeakyReLU inference completed at threshold 0.9
train,/root/EV-UAV-dataset/train/train_073.npz,/media/sult/山江冬夏/训练集、验证集/EV-UAV/log/versions/v1.0.1-leakyrelu-prediction-visuals/images/train/train_073_prediction.jpg,/media/sult/山江冬夏/训练集、验证集/EV-UAV/log/versions/v1.0.1-leakyrelu-prediction-visuals/images/train/train_073_prediction.ppm,/media/sult/山江冬夏/训练集、验证集/EV-UAV/log/versions/v1.0.1-leakyrelu-prediction-visuals/predictions/train/train_073_prediction.csv,37768,6293,/root/EV-UAV/log/model_leaky_relu/best_iou_seed37.pt,ok,LeakyReLU inference completed at threshold 0.9
train,/root/EV-UAV-dataset/train/train_074.npz,/media/sult/山江冬夏/训练集、验证集/EV-UAV/log/versions/v1.0.1-leakyrelu-prediction-visuals/images/train/train_074_prediction.jpg,/media/sult/山江冬夏/训练集、验证集/EV-UAV/log/versions/v1.0.1-leakyrelu-prediction-visuals/images/train/train_074_prediction.ppm,/media/sult/山江冬夏/训练集、验证集/EV-UAV/log/versions/v1.0.1-leakyrelu-prediction-visuals/predictions/train/train_074_prediction.csv,42210,13859,/root/EV-UAV/log/model_leaky_relu/best_iou_seed37.pt,ok,LeakyReLU inference completed at threshold 0.9
train,/root/EV-UAV-dataset/train/train_075.npz,/media/sult/山江冬夏/训练集、验证集/EV-UAV/log/versions/v1.0.1-leakyrelu-prediction-visuals/images/train/train_075_prediction.jpg,/media/sult/山江冬夏/训练集、验证集/EV-UAV/log/versions/v1.0.1-leakyrelu-prediction-visuals/images/train/train_075_prediction.ppm,/media/sult/山江冬夏/训练集、验证集/EV-UAV/log/versions/v1.0.1-leakyrelu-prediction-visuals/predictions/train/train_075_prediction.csv,7511,956,/root/EV-UAV/log/model_leaky_relu/best_iou_seed37.pt,ok,LeakyReLU inference completed at threshold 0.9
train,/root/EV-UAV-dataset/train/train_076.npz,/media/sult/山江冬夏/训练集、验证集/EV-UAV/log/versions/v1.0.1-leakyrelu-prediction-visuals/images/train/train_076_prediction.jpg,/media/sult/山江冬夏/训练集、验证集/EV-UAV/log/versions/v1.0.1-leakyrelu-prediction-visuals/images/train/train_076_prediction.ppm,/media/sult/山江冬夏/训练集、验证集/EV-UAV/log/versions/v1.0.1-leakyrelu-prediction-visuals/predictions/train/train_076_prediction.csv,7537,1023,/root/EV-UAV/log/model_leaky_relu/best_iou_seed37.pt,ok,LeakyReLU inference completed at threshold 0.9
train,/root/EV-UAV-dataset/train/train_077.npz,/media/sult/山江冬夏/训练集、验证集/EV-UAV/log/versions/v1.0.1-leakyrelu-prediction-visuals/images/train/train_077_prediction.jpg,/media/sult/山江冬夏/训练集、验证集/EV-UAV/log/versions/v1.0.1-leakyrelu-prediction-visuals/images/train/train_077_prediction.ppm,/media/sult/山江冬夏/训练集、验证集/EV-UAV/log/versions/v1.0.1-leakyrelu-prediction-visuals/predictions/train/train_077_prediction.csv,7719,1034,/root/EV-UAV/log/model_leaky_relu/best_iou_seed37.pt,ok,LeakyReLU inference completed at threshold 0.9
train,/root/EV-UAV-dataset/train/train_078.npz,/media/sult/山江冬夏/训练集、验证集/EV-UAV/log/versions/v1.0.1-leakyrelu-prediction-visuals/images/train/train_078_prediction.jpg,/media/sult/山江冬夏/训练集、验证集/EV-UAV/log/versions/v1.0.1-leakyrelu-prediction-visuals/images/train/train_078_prediction.ppm,/media/sult/山江冬夏/训练集、验证集/EV-UAV/log/versions/v1.0.1-leakyrelu-prediction-visuals/predictions/train/train_078_prediction.csv,7814,1155,/root/EV-UAV/log/model_leaky_relu/best_iou_seed37.pt,ok,LeakyReLU inference completed at threshold 0.9
train,/root/EV-UAV-dataset/train/train_079.npz,/media/sult/山江冬夏/训练集、验证集/EV-UAV/log/versions/v1.0.1-leakyrelu-prediction-visuals/images/train/train_079_prediction.jpg,/media/sult/山江冬夏/训练集、验证集/EV-UAV/log/versions/v1.0.1-leakyrelu-prediction-visuals/images/train/train_079_prediction.ppm,/media/sult/山江冬夏/训练集、验证集/EV-UAV/log/versions/v1.0.1-leakyrelu-prediction-visuals/predictions/train/train_079_prediction.csv,7372,869,/root/EV-UAV/log/model_leaky_relu/best_iou_seed37.pt,ok,LeakyReLU inference completed at threshold 0.9
train,/root/EV-UAV-dataset/train/train_080.npz,/media/sult/山江冬夏/训练集、验证集/EV-UAV/log/versions/v1.0.1-leakyrelu-prediction-visuals/images/train/train_080_prediction.jpg,/media/sult/山江冬夏/训练集、验证集/EV-UAV/log/versions/v1.0.1-leakyrelu-prediction-visuals/images/train/train_080_prediction.ppm,/media/sult/山江冬夏/训练集、验证集/EV-UAV/log/versions/v1.0.1-leakyrelu-prediction-visuals/predictions/train/train_080_prediction.csv,7230,906,/root/EV-UAV/log/model_leaky_relu/best_iou_seed37.pt,ok,LeakyReLU inference completed at threshold 0.9
train,/root/EV-UAV-dataset/train/train_081.npz,/media/sult/山江冬夏/训练集、验证集/EV-UAV/log/versions/v1.0.1-leakyrelu-prediction-visuals/images/train/train_081_prediction.jpg,/media/sult/山江冬夏/训练集、验证集/EV-UAV/log/versions/v1.0.1-leakyrelu-prediction-visuals/images/train/train_081_prediction.ppm,/media/sult/山江冬夏/训练集、验证集/EV-UAV/log/versions/v1.0.1-leakyrelu-prediction-visuals/predictions/train/train_081_prediction.csv,8964,2241,/root/EV-UAV/log/model_leaky_relu/best_iou_seed37.pt,ok,LeakyReLU inference completed at threshold 0.9
train,/root/EV-UAV-dataset/train/train_082.npz,/media/sult/山江冬夏/训练集、验证集/EV-UAV/log/versions/v1.0.1-leakyrelu-prediction-visuals/images/train/train_082_prediction.jpg,/media/sult/山江冬夏/训练集、验证集/EV-UAV/log/versions/v1.0.1-leakyrelu-prediction-visuals/images/train/train_082_prediction.ppm,/media/sult/山江冬夏/训练集、验证集/EV-UAV/log/versions/v1.0.1-leakyrelu-prediction-visuals/predictions/train/train_082_prediction.csv,8452,1828,/root/EV-UAV/log/model_leaky_relu/best_iou_seed37.pt,ok,LeakyReLU inference completed at threshold 0.9
train,/root/EV-UAV-dataset/train/train_083.npz,/media/sult/山江冬夏/训练集、验证集/EV-UAV/log/versions/v1.0.1-leakyrelu-prediction-visuals/images/train/train_083_prediction.jpg,/media/sult/山江冬夏/训练集、验证集/EV-UAV/log/versions/v1.0.1-leakyrelu-prediction-visuals/images/train/train_083_prediction.ppm,/media/sult/山江冬夏/训练集、验证集/EV-UAV/log/versions/v1.0.1-leakyrelu-prediction-visuals/predictions/train/train_083_prediction.csv,8222,1492,/root/EV-UAV/log/model_leaky_relu/best_iou_seed37.pt,ok,LeakyReLU inference completed at threshold 0.9
train,/root/EV-UAV-dataset/train/train_084.npz,/media/sult/山江冬夏/训练集、验证集/EV-UAV/log/versions/v1.0.1-leakyrelu-prediction-visuals/images/train/train_084_prediction.jpg,/media/sult/山江冬夏/训练集、验证集/EV-UAV/log/versions/v1.0.1-leakyrelu-prediction-visuals/images/train/train_084_prediction.ppm,/media/sult/山江冬夏/训练集、验证集/EV-UAV/log/versions/v1.0.1-leakyrelu-prediction-visuals/predictions/train/train_084_prediction.csv,8417,1661,/root/EV-UAV/log/model_leaky_relu/best_iou_seed37.pt,ok,LeakyReLU inference completed at threshold 0.9
train,/root/EV-UAV-dataset/train/train_085.npz,/media/sult/山江冬夏/训练集、验证集/EV-UAV/log/versions/v1.0.1-leakyrelu-prediction-visuals/images/train/train_085_prediction.jpg,/media/sult/山江冬夏/训练集、验证集/EV-UAV/log/versions/v1.0.1-leakyrelu-prediction-visuals/images/train/train_085_prediction.ppm,/media/sult/山江冬夏/训练集、验证集/EV-UAV/log/versions/v1.0.1-leakyrelu-prediction-visuals/predictions/train/train_085_prediction.csv,7724,1438,/root/EV-UAV/log/model_leaky_relu/best_iou_seed37.pt,ok,LeakyReLU inference completed at threshold 0.9
train,/root/EV-UAV-dataset/train/train_086.npz,/media/sult/山江冬夏/训练集、验证集/EV-UAV/log/versions/v1.0.1-leakyrelu-prediction-visuals/images/train/train_086_prediction.jpg,/media/sult/山江冬夏/训练集、验证集/EV-UAV/log/versions/v1.0.1-leakyrelu-prediction-visuals/images/train/train_086_prediction.ppm,/media/sult/山江冬夏/训练集、验证集/EV-UAV/log/versions/v1.0.1-leakyrelu-prediction-visuals/predictions/train/train_086_prediction.csv,8547,1905,/root/EV-UAV/log/model_leaky_relu/best_iou_seed37.pt,ok,LeakyReLU inference completed at threshold 0.9
train,/root/EV-UAV-dataset/train/train_087.npz,/media/sult/山江冬夏/训练集、验证集/EV-UAV/log/versions/v1.0.1-leakyrelu-prediction-visuals/images/train/train_087_prediction.jpg,/media/sult/山江冬夏/训练集、验证集/EV-UAV/log/versions/v1.0.1-leakyrelu-prediction-visuals/images/train/train_087_prediction.ppm,/media/sult/山江冬夏/训练集、验证集/EV-UAV/log/versions/v1.0.1-leakyrelu-prediction-visuals/predictions/train/train_087_prediction.csv,8654,2362,/root/EV-UAV/log/model_leaky_relu/best_iou_seed37.pt,ok,LeakyReLU inference completed at threshold 0.9
train,/root/EV-UAV-dataset/train/train_088.npz,/media/sult/山江冬夏/训练集、验证集/EV-UAV/log/versions/v1.0.1-leakyrelu-prediction-visuals/images/train/train_088_prediction.jpg,/media/sult/山江冬夏/训练集、验证集/EV-UAV/log/versions/v1.0.1-leakyrelu-prediction-visuals/images/train/train_088_prediction.ppm,/media/sult/山江冬夏/训练集、验证集/EV-UAV/log/versions/v1.0.1-leakyrelu-prediction-visuals/predictions/train/train_088_prediction.csv,399750,6420,/root/EV-UAV/log/model_leaky_relu/best_iou_seed37.pt,ok,LeakyReLU inference completed at threshold 0.9
train,/root/EV-UAV-dataset/train/train_089.npz,/media/sult/山江冬夏/训练集、验证集/EV-UAV/log/versions/v1.0.1-leakyrelu-prediction-visuals/images/train/train_089_prediction.jpg,/media/sult/山江冬夏/训练集、验证集/EV-UAV/log/versions/v1.0.1-leakyrelu-prediction-visuals/images/train/train_089_prediction.ppm,/media/sult/山江冬夏/训练集、验证集/EV-UAV/log/versions/v1.0.1-leakyrelu-prediction-visuals/predictions/train/train_089_prediction.csv,405722,6077,/root/EV-UAV/log/model_leaky_relu/best_iou_seed37.pt,ok,LeakyReLU inference completed at threshold 0.9
train,/root/EV-UAV-dataset/train/train_090.npz,/media/sult/山江冬夏/训练集、验证集/EV-UAV/log/versions/v1.0.1-leakyrelu-prediction-visuals/images/train/train_090_prediction.jpg,/media/sult/山江冬夏/训练集、验证集/EV-UAV/log/versions/v1.0.1-leakyrelu-prediction-visuals/images/train/train_090_prediction.ppm,/media/sult/山江冬夏/训练集、验证集/EV-UAV/log/versions/v1.0.1-leakyrelu-prediction-visuals/predictions/train/train_090_prediction.csv,422448,7735,/root/EV-UAV/log/model_leaky_relu/best_iou_seed37.pt,ok,LeakyReLU inference completed at threshold 0.9
train,/root/EV-UAV-dataset/train/train_091.npz,/media/sult/山江冬夏/训练集、验证集/EV-UAV/log/versions/v1.0.1-leakyrelu-prediction-visuals/images/train/train_091_prediction.jpg,/media/sult/山江冬夏/训练集、验证集/EV-UAV/log/versions/v1.0.1-leakyrelu-prediction-visuals/images/train/train_091_prediction.ppm,/media/sult/山江冬夏/训练集、验证集/EV-UAV/log/versions/v1.0.1-leakyrelu-prediction-visuals/predictions/train/train_091_prediction.csv,423790,7239,/root/EV-UAV/log/model_leaky_relu/best_iou_seed37.pt,ok,LeakyReLU inference completed at threshold 0.9
train,/root/EV-UAV-dataset/train/train_092.npz,/media/sult/山江冬夏/训练集、验证集/EV-UAV/log/versions/v1.0.1-leakyrelu-prediction-visuals/images/train/train_092_prediction.jpg,/media/sult/山江冬夏/训练集、验证集/EV-UAV/log/versions/v1.0.1-leakyrelu-prediction-visuals/images/train/train_092_prediction.ppm,/media/sult/山江冬夏/训练集、验证集/EV-UAV/log/versions/v1.0.1-leakyrelu-prediction-visuals/predictions/train/train_092_prediction.csv,595519,17482,/root/EV-UAV/log/model_leaky_relu/best_iou_seed37.pt,ok,LeakyReLU inference completed at threshold 0.9
train,/root/EV-UAV-dataset/train/train_093.npz,/media/sult/山江冬夏/训练集、验证集/EV-UAV/log/versions/v1.0.1-leakyrelu-prediction-visuals/images/train/train_093_prediction.jpg,/media/sult/山江冬夏/训练集、验证集/EV-UAV/log/versions/v1.0.1-leakyrelu-prediction-visuals/images/train/train_093_prediction.ppm,/media/sult/山江冬夏/训练集、验证集/EV-UAV/log/versions/v1.0.1-leakyrelu-prediction-visuals/predictions/train/train_093_prediction.csv,620778,16249,/root/EV-UAV/log/model_leaky_relu/best_iou_seed37.pt,ok,LeakyReLU inference completed at threshold 0.9
train,/root/EV-UAV-dataset/train/train_094.npz,/media/sult/山江冬夏/训练集、验证集/EV-UAV/log/versions/v1.0.1-leakyrelu-prediction-visuals/images/train/train_094_prediction.jpg,/media/sult/山江冬夏/训练集、验证集/EV-UAV/log/versions/v1.0.1-leakyrelu-prediction-visuals/images/train/train_094_prediction.ppm,/media/sult/山江冬夏/训练集、验证集/EV-UAV/log/versions/v1.0.1-leakyrelu-prediction-visuals/predictions/train/train_094_prediction.csv,614725,19189,/root/EV-UAV/log/model_leaky_relu/best_iou_seed37.pt,ok,LeakyReLU inference completed at threshold 0.9
train,/root/EV-UAV-dataset/train/train_095.npz,/media/sult/山江冬夏/训练集、验证集/EV-UAV/log/versions/v1.0.1-leakyrelu-prediction-visuals/images/train/train_095_prediction.jpg,/media/sult/山江冬夏/训练集、验证集/EV-UAV/log/versions/v1.0.1-leakyrelu-prediction-visuals/images/train/train_095_prediction.ppm,/media/sult/山江冬夏/训练集、验证集/EV-UAV/log/versions/v1.0.1-leakyrelu-prediction-visuals/predictions/train/train_095_prediction.csv,365730,27355,/root/EV-UAV/log/model_leaky_relu/best_iou_seed37.pt,ok,LeakyReLU inference completed at threshold 0.9
train,/root/EV-UAV-dataset/train/train_096.npz,/media/sult/山江冬夏/训练集、验证集/EV-UAV/log/versions/v1.0.1-leakyrelu-prediction-visuals/images/train/train_096_prediction.jpg,/media/sult/山江冬夏/训练集、验证集/EV-UAV/log/versions/v1.0.1-leakyrelu-prediction-visuals/images/train/train_096_prediction.ppm,/media/sult/山江冬夏/训练集、验证集/EV-UAV/log/versions/v1.0.1-leakyrelu-prediction-visuals/predictions/train/train_096_prediction.csv,625178,14925,/root/EV-UAV/log/model_leaky_relu/best_iou_seed37.pt,ok,LeakyReLU inference completed at threshold 0.9
train,/root/EV-UAV-dataset/train/train_097.npz,/media/sult/山江冬夏/训练集、验证集/EV-UAV/log/versions/v1.0.1-leakyrelu-prediction-visuals/images/train/train_097_prediction.jpg,/media/sult/山江冬夏/训练集、验证集/EV-UAV/log/versions/v1.0.1-leakyrelu-prediction-visuals/images/train/train_097_prediction.ppm,/media/sult/山江冬夏/训练集、验证集/EV-UAV/log/versions/v1.0.1-leakyrelu-prediction-visuals/predictions/train/train_097_prediction.csv,619767,14825,/root/EV-UAV/log/model_leaky_relu/best_iou_seed37.pt,ok,LeakyReLU inference completed at threshold 0.9
train,/root/EV-UAV-dataset/train/train_098.npz,/media/sult/山江冬夏/训练集、验证集/EV-UAV/log/versions/v1.0.1-leakyrelu-prediction-visuals/images/train/train_098_prediction.jpg,/media/sult/山江冬夏/训练集、验证集/EV-UAV/log/versions/v1.0.1-leakyrelu-prediction-visuals/images/train/train_098_prediction.ppm,/media/sult/山江冬夏/训练集、验证集/EV-UAV/log/versions/v1.0.1-leakyrelu-prediction-visuals/predictions/train/train_098_prediction.csv,624246,11214,/root/EV-UAV/log/model_leaky_relu/best_iou_seed37.pt,ok,LeakyReLU inference completed at threshold 0.9
val,/root/EV-UAV-dataset/val/val_000.npz,/media/sult/山江冬夏/训练集、验证集/EV-UAV/log/versions/v1.0.1-leakyrelu-prediction-visuals/images/val/val_000_prediction.jpg,/media/sult/山江冬夏/训练集、验证集/EV-UAV/log/versions/v1.0.1-leakyrelu-prediction-visuals/images/val/val_000_prediction.ppm,/media/sult/山江冬夏/训练集、验证集/EV-UAV/log/versions/v1.0.1-leakyrelu-prediction-visuals/predictions/val/val_000_prediction.csv,45361,2149,/root/EV-UAV/log/model_leaky_relu/best_iou_seed37.pt,ok,LeakyReLU inference completed at threshold 0.9
val,/root/EV-UAV-dataset/val/val_001.npz,/media/sult/山江冬夏/训练集、验证集/EV-UAV/log/versions/v1.0.1-leakyrelu-prediction-visuals/images/val/val_001_prediction.jpg,/media/sult/山江冬夏/训练集、验证集/EV-UAV/log/versions/v1.0.1-leakyrelu-prediction-visuals/images/val/val_001_prediction.ppm,/media/sult/山江冬夏/训练集、验证集/EV-UAV/log/versions/v1.0.1-leakyrelu-prediction-visuals/predictions/val/val_001_prediction.csv,54625,662,/root/EV-UAV/log/model_leaky_relu/best_iou_seed37.pt,ok,LeakyReLU inference completed at threshold 0.9
val,/root/EV-UAV-dataset/val/val_002.npz,/media/sult/山江冬夏/训练集、验证集/EV-UAV/log/versions/v1.0.1-leakyrelu-prediction-visuals/images/val/val_002_prediction.jpg,/media/sult/山江冬夏/训练集、验证集/EV-UAV/log/versions/v1.0.1-leakyrelu-prediction-visuals/images/val/val_002_prediction.ppm,/media/sult/山江冬夏/训练集、验证集/EV-UAV/log/versions/v1.0.1-leakyrelu-prediction-visuals/predictions/val/val_002_prediction.csv,55695,1346,/root/EV-UAV/log/model_leaky_relu/best_iou_seed37.pt,ok,LeakyReLU inference completed at threshold 0.9
val,/root/EV-UAV-dataset/val/val_003.npz,/media/sult/山江冬夏/训练集、验证集/EV-UAV/log/versions/v1.0.1-leakyrelu-prediction-visuals/images/val/val_003_prediction.jpg,/media/sult/山江冬夏/训练集、验证集/EV-UAV/log/versions/v1.0.1-leakyrelu-prediction-visuals/images/val/val_003_prediction.ppm,/media/sult/山江冬夏/训练集、验证集/EV-UAV/log/versions/v1.0.1-leakyrelu-prediction-visuals/predictions/val/val_003_prediction.csv,56519,705,/root/EV-UAV/log/model_leaky_relu/best_iou_seed37.pt,ok,LeakyReLU inference completed at threshold 0.9
val,/root/EV-UAV-dataset/val/val_004.npz,/media/sult/山江冬夏/训练集、验证集/EV-UAV/log/versions/v1.0.1-leakyrelu-prediction-visuals/images/val/val_004_prediction.jpg,/media/sult/山江冬夏/训练集、验证集/EV-UAV/log/versions/v1.0.1-leakyrelu-prediction-visuals/images/val/val_004_prediction.ppm,/media/sult/山江冬夏/训练集、验证集/EV-UAV/log/versions/v1.0.1-leakyrelu-prediction-visuals/predictions/val/val_004_prediction.csv,24933,2004,/root/EV-UAV/log/model_leaky_relu/best_iou_seed37.pt,ok,LeakyReLU inference completed at threshold 0.9
val,/root/EV-UAV-dataset/val/val_005.npz,/media/sult/山江冬夏/训练集、验证集/EV-UAV/log/versions/v1.0.1-leakyrelu-prediction-visuals/images/val/val_005_prediction.jpg,/media/sult/山江冬夏/训练集、验证集/EV-UAV/log/versions/v1.0.1-leakyrelu-prediction-visuals/images/val/val_005_prediction.ppm,/media/sult/山江冬夏/训练集、验证集/EV-UAV/log/versions/v1.0.1-leakyrelu-prediction-visuals/predictions/val/val_005_prediction.csv,23566,950,/root/EV-UAV/log/model_leaky_relu/best_iou_seed37.pt,ok,LeakyReLU inference completed at threshold 0.9
val,/root/EV-UAV-dataset/val/val_006.npz,/media/sult/山江冬夏/训练集、验证集/EV-UAV/log/versions/v1.0.1-leakyrelu-prediction-visuals/images/val/val_006_prediction.jpg,/media/sult/山江冬夏/训练集、验证集/EV-UAV/log/versions/v1.0.1-leakyrelu-prediction-visuals/images/val/val_006_prediction.ppm,/media/sult/山江冬夏/训练集、验证集/EV-UAV/log/versions/v1.0.1-leakyrelu-prediction-visuals/predictions/val/val_006_prediction.csv,21773,555,/root/EV-UAV/log/model_leaky_relu/best_iou_seed37.pt,ok,LeakyReLU inference completed at threshold 0.9
val,/root/EV-UAV-dataset/val/val_007.npz,/media/sult/山江冬夏/训练集、验证集/EV-UAV/log/versions/v1.0.1-leakyrelu-prediction-visuals/images/val/val_007_prediction.jpg,/media/sult/山江冬夏/训练集、验证集/EV-UAV/log/versions/v1.0.1-leakyrelu-prediction-visuals/images/val/val_007_prediction.ppm,/media/sult/山江冬夏/训练集、验证集/EV-UAV/log/versions/v1.0.1-leakyrelu-prediction-visuals/predictions/val/val_007_prediction.csv,22194,1788,/root/EV-UAV/log/model_leaky_relu/best_iou_seed37.pt,ok,LeakyReLU inference completed at threshold 0.9
val,/root/EV-UAV-dataset/val/val_008.npz,/media/sult/山江冬夏/训练集、验证集/EV-UAV/log/versions/v1.0.1-leakyrelu-prediction-visuals/images/val/val_008_prediction.jpg,/media/sult/山江冬夏/训练集、验证集/EV-UAV/log/versions/v1.0.1-leakyrelu-prediction-visuals/images/val/val_008_prediction.ppm,/media/sult/山江冬夏/训练集、验证集/EV-UAV/log/versions/v1.0.1-leakyrelu-prediction-visuals/predictions/val/val_008_prediction.csv,70943,3290,/root/EV-UAV/log/model_leaky_relu/best_iou_seed37.pt,ok,LeakyReLU inference completed at threshold 0.9
val,/root/EV-UAV-dataset/val/val_009.npz,/media/sult/山江冬夏/训练集、验证集/EV-UAV/log/versions/v1.0.1-leakyrelu-prediction-visuals/images/val/val_009_prediction.jpg,/media/sult/山江冬夏/训练集、验证集/EV-UAV/log/versions/v1.0.1-leakyrelu-prediction-visuals/images/val/val_009_prediction.ppm,/media/sult/山江冬夏/训练集、验证集/EV-UAV/log/versions/v1.0.1-leakyrelu-prediction-visuals/predictions/val/val_009_prediction.csv,57607,2526,/root/EV-UAV/log/model_leaky_relu/best_iou_seed37.pt,ok,LeakyReLU inference completed at threshold 0.9
val,/root/EV-UAV-dataset/val/val_010.npz,/media/sult/山江冬夏/训练集、验证集/EV-UAV/log/versions/v1.0.1-leakyrelu-prediction-visuals/images/val/val_010_prediction.jpg,/media/sult/山江冬夏/训练集、验证集/EV-UAV/log/versions/v1.0.1-leakyrelu-prediction-visuals/images/val/val_010_prediction.ppm,/media/sult/山江冬夏/训练集、验证集/EV-UAV/log/versions/v1.0.1-leakyrelu-prediction-visuals/predictions/val/val_010_prediction.csv,43897,1609,/root/EV-UAV/log/model_leaky_relu/best_iou_seed37.pt,ok,LeakyReLU inference completed at threshold 0.9
val,/root/EV-UAV-dataset/val/val_011.npz,/media/sult/山江冬夏/训练集、验证集/EV-UAV/log/versions/v1.0.1-leakyrelu-prediction-visuals/images/val/val_011_prediction.jpg,/media/sult/山江冬夏/训练集、验证集/EV-UAV/log/versions/v1.0.1-leakyrelu-prediction-visuals/images/val/val_011_prediction.ppm,/media/sult/山江冬夏/训练集、验证集/EV-UAV/log/versions/v1.0.1-leakyrelu-prediction-visuals/predictions/val/val_011_prediction.csv,43971,3967,/root/EV-UAV/log/model_leaky_relu/best_iou_seed37.pt,ok,LeakyReLU inference completed at threshold 0.9
val,/root/EV-UAV-dataset/val/val_012.npz,/media/sult/山江冬夏/训练集、验证集/EV-UAV/log/versions/v1.0.1-leakyrelu-prediction-visuals/images/val/val_012_prediction.jpg,/media/sult/山江冬夏/训练集、验证集/EV-UAV/log/versions/v1.0.1-leakyrelu-prediction-visuals/images/val/val_012_prediction.ppm,/media/sult/山江冬夏/训练集、验证集/EV-UAV/log/versions/v1.0.1-leakyrelu-prediction-visuals/predictions/val/val_012_prediction.csv,39595,5467,/root/EV-UAV/log/model_leaky_relu/best_iou_seed37.pt,ok,LeakyReLU inference completed at threshold 0.9
val,/root/EV-UAV-dataset/val/val_013.npz,/media/sult/山江冬夏/训练集、验证集/EV-UAV/log/versions/v1.0.1-leakyrelu-prediction-visuals/images/val/val_013_prediction.jpg,/media/sult/山江冬夏/训练集、验证集/EV-UAV/log/versions/v1.0.1-leakyrelu-prediction-visuals/images/val/val_013_prediction.ppm,/media/sult/山江冬夏/训练集、验证集/EV-UAV/log/versions/v1.0.1-leakyrelu-prediction-visuals/predictions/val/val_013_prediction.csv,22034,3991,/root/EV-UAV/log/model_leaky_relu/best_iou_seed37.pt,ok,LeakyReLU inference completed at threshold 0.9
val,/root/EV-UAV-dataset/val/val_014.npz,/media/sult/山江冬夏/训练集、验证集/EV-UAV/log/versions/v1.0.1-leakyrelu-prediction-visuals/images/val/val_014_prediction.jpg,/media/sult/山江冬夏/训练集、验证集/EV-UAV/log/versions/v1.0.1-leakyrelu-prediction-visuals/images/val/val_014_prediction.ppm,/media/sult/山江冬夏/训练集、验证集/EV-UAV/log/versions/v1.0.1-leakyrelu-prediction-visuals/predictions/val/val_014_prediction.csv,44399,790,/root/EV-UAV/log/model_leaky_relu/best_iou_seed37.pt,ok,LeakyReLU inference completed at threshold 0.9
val,/root/EV-UAV-dataset/val/val_015.npz,/media/sult/山江冬夏/训练集、验证集/EV-UAV/log/versions/v1.0.1-leakyrelu-prediction-visuals/images/val/val_015_prediction.jpg,/media/sult/山江冬夏/训练集、验证集/EV-UAV/log/versions/v1.0.1-leakyrelu-prediction-visuals/images/val/val_015_prediction.ppm,/media/sult/山江冬夏/训练集、验证集/EV-UAV/log/versions/v1.0.1-leakyrelu-prediction-visuals/predictions/val/val_015_prediction.csv,253955,61518,/root/EV-UAV/log/model_leaky_relu/best_iou_seed37.pt,ok,LeakyReLU inference completed at threshold 0.9
val,/root/EV-UAV-dataset/val/val_016.npz,/media/sult/山江冬夏/训练集、验证集/EV-UAV/log/versions/v1.0.1-leakyrelu-prediction-visuals/images/val/val_016_prediction.jpg,/media/sult/山江冬夏/训练集、验证集/EV-UAV/log/versions/v1.0.1-leakyrelu-prediction-visuals/images/val/val_016_prediction.ppm,/media/sult/山江冬夏/训练集、验证集/EV-UAV/log/versions/v1.0.1-leakyrelu-prediction-visuals/predictions/val/val_016_prediction.csv,20608,2563,/root/EV-UAV/log/model_leaky_relu/best_iou_seed37.pt,ok,LeakyReLU inference completed at threshold 0.9
val,/root/EV-UAV-dataset/val/val_017.npz,/media/sult/山江冬夏/训练集、验证集/EV-UAV/log/versions/v1.0.1-leakyrelu-prediction-visuals/images/val/val_017_prediction.jpg,/media/sult/山江冬夏/训练集、验证集/EV-UAV/log/versions/v1.0.1-leakyrelu-prediction-visuals/images/val/val_017_prediction.ppm,/media/sult/山江冬夏/训练集、验证集/EV-UAV/log/versions/v1.0.1-leakyrelu-prediction-visuals/predictions/val/val_017_prediction.csv,20064,2012,/root/EV-UAV/log/model_leaky_relu/best_iou_seed37.pt,ok,LeakyReLU inference completed at threshold 0.9
val,/root/EV-UAV-dataset/val/val_018.npz,/media/sult/山江冬夏/训练集、验证集/EV-UAV/log/versions/v1.0.1-leakyrelu-prediction-visuals/images/val/val_018_prediction.jpg,/media/sult/山江冬夏/训练集、验证集/EV-UAV/log/versions/v1.0.1-leakyrelu-prediction-visuals/images/val/val_018_prediction.ppm,/media/sult/山江冬夏/训练集、验证集/EV-UAV/log/versions/v1.0.1-leakyrelu-prediction-visuals/predictions/val/val_018_prediction.csv,19594,2361,/root/EV-UAV/log/model_leaky_relu/best_iou_seed37.pt,ok,LeakyReLU inference completed at threshold 0.9
val,/root/EV-UAV-dataset/val/val_019.npz,/media/sult/山江冬夏/训练集、验证集/EV-UAV/log/versions/v1.0.1-leakyrelu-prediction-visuals/images/val/val_019_prediction.jpg,/media/sult/山江冬夏/训练集、验证集/EV-UAV/log/versions/v1.0.1-leakyrelu-prediction-visuals/images/val/val_019_prediction.ppm,/media/sult/山江冬夏/训练集、验证集/EV-UAV/log/versions/v1.0.1-leakyrelu-prediction-visuals/predictions/val/val_019_prediction.csv,31971,2031,/root/EV-UAV/log/model_leaky_relu/best_iou_seed37.pt,ok,LeakyReLU inference completed at threshold 0.9
val,/root/EV-UAV-dataset/val/val_020.npz,/media/sult/山江冬夏/训练集、验证集/EV-UAV/log/versions/v1.0.1-leakyrelu-prediction-visuals/images/val/val_020_prediction.jpg,/media/sult/山江冬夏/训练集、验证集/EV-UAV/log/versions/v1.0.1-leakyrelu-prediction-visuals/images/val/val_020_prediction.ppm,/media/sult/山江冬夏/训练集、验证集/EV-UAV/log/versions/v1.0.1-leakyrelu-prediction-visuals/predictions/val/val_020_prediction.csv,33159,2784,/root/EV-UAV/log/model_leaky_relu/best_iou_seed37.pt,ok,LeakyReLU inference completed at threshold 0.9
val,/root/EV-UAV-dataset/val/val_021.npz,/media/sult/山江冬夏/训练集、验证集/EV-UAV/log/versions/v1.0.1-leakyrelu-prediction-visuals/images/val/val_021_prediction.jpg,/media/sult/山江冬夏/训练集、验证集/EV-UAV/log/versions/v1.0.1-leakyrelu-prediction-visuals/images/val/val_021_prediction.ppm,/media/sult/山江冬夏/训练集、验证集/EV-UAV/log/versions/v1.0.1-leakyrelu-prediction-visuals/predictions/val/val_021_prediction.csv,18358,654,/root/EV-UAV/log/model_leaky_relu/best_iou_seed37.pt,ok,LeakyReLU inference completed at threshold 0.9
val,/root/EV-UAV-dataset/val/val_022.npz,/media/sult/山江冬夏/训练集、验证集/EV-UAV/log/versions/v1.0.1-leakyrelu-prediction-visuals/images/val/val_022_prediction.jpg,/media/sult/山江冬夏/训练集、验证集/EV-UAV/log/versions/v1.0.1-leakyrelu-prediction-visuals/images/val/val_022_prediction.ppm,/media/sult/山江冬夏/训练集、验证集/EV-UAV/log/versions/v1.0.1-leakyrelu-prediction-visuals/predictions/val/val_022_prediction.csv,8165,1673,/root/EV-UAV/log/model_leaky_relu/best_iou_seed37.pt,ok,LeakyReLU inference completed at threshold 0.9
val,/root/EV-UAV-dataset/val/val_023.npz,/media/sult/山江冬夏/训练集、验证集/EV-UAV/log/versions/v1.0.1-leakyrelu-prediction-visuals/images/val/val_023_prediction.jpg,/media/sult/山江冬夏/训练集、验证集/EV-UAV/log/versions/v1.0.1-leakyrelu-prediction-visuals/images/val/val_023_prediction.ppm,/media/sult/山江冬夏/训练集、验证集/EV-UAV/log/versions/v1.0.1-leakyrelu-prediction-visuals/predictions/val/val_023_prediction.csv,391344,6078,/root/EV-UAV/log/model_leaky_relu/best_iou_seed37.pt,ok,LeakyReLU inference completed at threshold 0.9
