stem,image_path,map_path,prediction_mask_path,probability_path,submission_path,event_count,pred_positive_pixel_count,pred_positive_event_count,threshold,status,message
val_000,/root/EV-UAV/log/versions/v2.0.0-2d-vision-pipeline/images/val/val_000.png,/root/EV-UAV/log/versions/v2.0.0-2d-vision-pipeline/maps/val/val_000_pixel_event_map.npz,/root/EV-UAV/log/versions/v2.0.0-2d-vision-pipeline/predictions/val/val_000_pred_mask.png,/root/EV-UAV/log/versions/v2.0.0-2d-vision-pipeline/predictions/val/val_000_prob.npy,/root/EV-UAV/log/versions/v2.0.0-2d-vision-pipeline/submission/val_000.txt,45361,926,4447,0.5,ok,
val_001,/root/EV-UAV/log/versions/v2.0.0-2d-vision-pipeline/images/val/val_001.png,/root/EV-UAV/log/versions/v2.0.0-2d-vision-pipeline/maps/val/val_001_pixel_event_map.npz,/root/EV-UAV/log/versions/v2.0.0-2d-vision-pipeline/predictions/val/val_001_pred_mask.png,/root/EV-UAV/log/versions/v2.0.0-2d-vision-pipeline/predictions/val/val_001_prob.npy,/root/EV-UAV/log/versions/v2.0.0-2d-vision-pipeline/submission/val_001.txt,54625,603,2817,0.5,ok,
val_002,/root/EV-UAV/log/versions/v2.0.0-2d-vision-pipeline/images/val/val_002.png,/root/EV-UAV/log/versions/v2.0.0-2d-vision-pipeline/maps/val/val_002_pixel_event_map.npz,/root/EV-UAV/log/versions/v2.0.0-2d-vision-pipeline/predictions/val/val_002_pred_mask.png,/root/EV-UAV/log/versions/v2.0.0-2d-vision-pipeline/predictions/val/val_002_prob.npy,/root/EV-UAV/log/versions/v2.0.0-2d-vision-pipeline/submission/val_002.txt,55695,785,3977,0.5,ok,
val_003,/root/EV-UAV/log/versions/v2.0.0-2d-vision-pipeline/images/val/val_003.png,/root/EV-UAV/log/versions/v2.0.0-2d-vision-pipeline/maps/val/val_003_pixel_event_map.npz,/root/EV-UAV/log/versions/v2.0.0-2d-vision-pipeline/predictions/val/val_003_pred_mask.png,/root/EV-UAV/log/versions/v2.0.0-2d-vision-pipeline/predictions/val/val_003_prob.npy,/root/EV-UAV/log/versions/v2.0.0-2d-vision-pipeline/submission/val_003.txt,56519,562,2740,0.5,ok,
val_004,/root/EV-UAV/log/versions/v2.0.0-2d-vision-pipeline/images/val/val_004.png,/root/EV-UAV/log/versions/v2.0.0-2d-vision-pipeline/maps/val/val_004_pixel_event_map.npz,/root/EV-UAV/log/versions/v2.0.0-2d-vision-pipeline/predictions/val/val_004_pred_mask.png,/root/EV-UAV/log/versions/v2.0.0-2d-vision-pipeline/predictions/val/val_004_prob.npy,/root/EV-UAV/log/versions/v2.0.0-2d-vision-pipeline/submission/val_004.txt,24933,779,3372,0.5,ok,
val_005,/root/EV-UAV/log/versions/v2.0.0-2d-vision-pipeline/images/val/val_005.png,/root/EV-UAV/log/versions/v2.0.0-2d-vision-pipeline/maps/val/val_005_pixel_event_map.npz,/root/EV-UAV/log/versions/v2.0.0-2d-vision-pipeline/predictions/val/val_005_pred_mask.png,/root/EV-UAV/log/versions/v2.0.0-2d-vision-pipeline/predictions/val/val_005_prob.npy,/root/EV-UAV/log/versions/v2.0.0-2d-vision-pipeline/submission/val_005.txt,23566,550,2072,0.5,ok,
val_006,/root/EV-UAV/log/versions/v2.0.0-2d-vision-pipeline/images/val/val_006.png,/root/EV-UAV/log/versions/v2.0.0-2d-vision-pipeline/maps/val/val_006_pixel_event_map.npz,/root/EV-UAV/log/versions/v2.0.0-2d-vision-pipeline/predictions/val/val_006_pred_mask.png,/root/EV-UAV/log/versions/v2.0.0-2d-vision-pipeline/predictions/val/val_006_prob.npy,/root/EV-UAV/log/versions/v2.0.0-2d-vision-pipeline/submission/val_006.txt,21773,384,1181,0.5,ok,
val_007,/root/EV-UAV/log/versions/v2.0.0-2d-vision-pipeline/images/val/val_007.png,/root/EV-UAV/log/versions/v2.0.0-2d-vision-pipeline/maps/val/val_007_pixel_event_map.npz,/root/EV-UAV/log/versions/v2.0.0-2d-vision-pipeline/predictions/val/val_007_pred_mask.png,/root/EV-UAV/log/versions/v2.0.0-2d-vision-pipeline/predictions/val/val_007_prob.npy,/root/EV-UAV/log/versions/v2.0.0-2d-vision-pipeline/submission/val_007.txt,22194,688,2782,0.5,ok,
val_008,/root/EV-UAV/log/versions/v2.0.0-2d-vision-pipeline/images/val/val_008.png,/root/EV-UAV/log/versions/v2.0.0-2d-vision-pipeline/maps/val/val_008_pixel_event_map.npz,/root/EV-UAV/log/versions/v2.0.0-2d-vision-pipeline/predictions/val/val_008_pred_mask.png,/root/EV-UAV/log/versions/v2.0.0-2d-vision-pipeline/predictions/val/val_008_prob.npy,/root/EV-UAV/log/versions/v2.0.0-2d-vision-pipeline/submission/val_008.txt,70943,834,3253,0.5,ok,
val_009,/root/EV-UAV/log/versions/v2.0.0-2d-vision-pipeline/images/val/val_009.png,/root/EV-UAV/log/versions/v2.0.0-2d-vision-pipeline/maps/val/val_009_pixel_event_map.npz,/root/EV-UAV/log/versions/v2.0.0-2d-vision-pipeline/predictions/val/val_009_pred_mask.png,/root/EV-UAV/log/versions/v2.0.0-2d-vision-pipeline/predictions/val/val_009_prob.npy,/root/EV-UAV/log/versions/v2.0.0-2d-vision-pipeline/submission/val_009.txt,57607,716,3200,0.5,ok,
val_010,/root/EV-UAV/log/versions/v2.0.0-2d-vision-pipeline/images/val/val_010.png,/root/EV-UAV/log/versions/v2.0.0-2d-vision-pipeline/maps/val/val_010_pixel_event_map.npz,/root/EV-UAV/log/versions/v2.0.0-2d-vision-pipeline/predictions/val/val_010_pred_mask.png,/root/EV-UAV/log/versions/v2.0.0-2d-vision-pipeline/predictions/val/val_010_prob.npy,/root/EV-UAV/log/versions/v2.0.0-2d-vision-pipeline/submission/val_010.txt,43897,648,1913,0.5,ok,
val_011,/root/EV-UAV/log/versions/v2.0.0-2d-vision-pipeline/images/val/val_011.png,/root/EV-UAV/log/versions/v2.0.0-2d-vision-pipeline/maps/val/val_011_pixel_event_map.npz,/root/EV-UAV/log/versions/v2.0.0-2d-vision-pipeline/predictions/val/val_011_pred_mask.png,/root/EV-UAV/log/versions/v2.0.0-2d-vision-pipeline/predictions/val/val_011_prob.npy,/root/EV-UAV/log/versions/v2.0.0-2d-vision-pipeline/submission/val_011.txt,43971,1412,5134,0.5,ok,
val_012,/root/EV-UAV/log/versions/v2.0.0-2d-vision-pipeline/images/val/val_012.png,/root/EV-UAV/log/versions/v2.0.0-2d-vision-pipeline/maps/val/val_012_pixel_event_map.npz,/root/EV-UAV/log/versions/v2.0.0-2d-vision-pipeline/predictions/val/val_012_pred_mask.png,/root/EV-UAV/log/versions/v2.0.0-2d-vision-pipeline/predictions/val/val_012_prob.npy,/root/EV-UAV/log/versions/v2.0.0-2d-vision-pipeline/submission/val_012.txt,39595,1331,6755,0.5,ok,
val_013,/root/EV-UAV/log/versions/v2.0.0-2d-vision-pipeline/images/val/val_013.png,/root/EV-UAV/log/versions/v2.0.0-2d-vision-pipeline/maps/val/val_013_pixel_event_map.npz,/root/EV-UAV/log/versions/v2.0.0-2d-vision-pipeline/predictions/val/val_013_pred_mask.png,/root/EV-UAV/log/versions/v2.0.0-2d-vision-pipeline/predictions/val/val_013_prob.npy,/root/EV-UAV/log/versions/v2.0.0-2d-vision-pipeline/submission/val_013.txt,22034,1307,4938,0.5,ok,
val_014,/root/EV-UAV/log/versions/v2.0.0-2d-vision-pipeline/images/val/val_014.png,/root/EV-UAV/log/versions/v2.0.0-2d-vision-pipeline/maps/val/val_014_pixel_event_map.npz,/root/EV-UAV/log/versions/v2.0.0-2d-vision-pipeline/predictions/val/val_014_pred_mask.png,/root/EV-UAV/log/versions/v2.0.0-2d-vision-pipeline/predictions/val/val_014_prob.npy,/root/EV-UAV/log/versions/v2.0.0-2d-vision-pipeline/submission/val_014.txt,44399,565,2445,0.5,ok,
val_015,/root/EV-UAV/log/versions/v2.0.0-2d-vision-pipeline/images/val/val_015.png,/root/EV-UAV/log/versions/v2.0.0-2d-vision-pipeline/maps/val/val_015_pixel_event_map.npz,/root/EV-UAV/log/versions/v2.0.0-2d-vision-pipeline/predictions/val/val_015_pred_mask.png,/root/EV-UAV/log/versions/v2.0.0-2d-vision-pipeline/predictions/val/val_015_prob.npy,/root/EV-UAV/log/versions/v2.0.0-2d-vision-pipeline/submission/val_015.txt,253955,304,2671,0.5,ok,
val_016,/root/EV-UAV/log/versions/v2.0.0-2d-vision-pipeline/images/val/val_016.png,/root/EV-UAV/log/versions/v2.0.0-2d-vision-pipeline/maps/val/val_016_pixel_event_map.npz,/root/EV-UAV/log/versions/v2.0.0-2d-vision-pipeline/predictions/val/val_016_pred_mask.png,/root/EV-UAV/log/versions/v2.0.0-2d-vision-pipeline/predictions/val/val_016_prob.npy,/root/EV-UAV/log/versions/v2.0.0-2d-vision-pipeline/submission/val_016.txt,20608,724,3503,0.5,ok,
val_017,/root/EV-UAV/log/versions/v2.0.0-2d-vision-pipeline/images/val/val_017.png,/root/EV-UAV/log/versions/v2.0.0-2d-vision-pipeline/maps/val/val_017_pixel_event_map.npz,/root/EV-UAV/log/versions/v2.0.0-2d-vision-pipeline/predictions/val/val_017_pred_mask.png,/root/EV-UAV/log/versions/v2.0.0-2d-vision-pipeline/predictions/val/val_017_prob.npy,/root/EV-UAV/log/versions/v2.0.0-2d-vision-pipeline/submission/val_017.txt,20064,390,965,0.5,ok,
val_018,/root/EV-UAV/log/versions/v2.0.0-2d-vision-pipeline/images/val/val_018.png,/root/EV-UAV/log/versions/v2.0.0-2d-vision-pipeline/maps/val/val_018_pixel_event_map.npz,/root/EV-UAV/log/versions/v2.0.0-2d-vision-pipeline/predictions/val/val_018_pred_mask.png,/root/EV-UAV/log/versions/v2.0.0-2d-vision-pipeline/predictions/val/val_018_prob.npy,/root/EV-UAV/log/versions/v2.0.0-2d-vision-pipeline/submission/val_018.txt,19594,851,2817,0.5,ok,
val_019,/root/EV-UAV/log/versions/v2.0.0-2d-vision-pipeline/images/val/val_019.png,/root/EV-UAV/log/versions/v2.0.0-2d-vision-pipeline/maps/val/val_019_pixel_event_map.npz,/root/EV-UAV/log/versions/v2.0.0-2d-vision-pipeline/predictions/val/val_019_pred_mask.png,/root/EV-UAV/log/versions/v2.0.0-2d-vision-pipeline/predictions/val/val_019_prob.npy,/root/EV-UAV/log/versions/v2.0.0-2d-vision-pipeline/submission/val_019.txt,31971,299,1791,0.5,ok,
val_020,/root/EV-UAV/log/versions/v2.0.0-2d-vision-pipeline/images/val/val_020.png,/root/EV-UAV/log/versions/v2.0.0-2d-vision-pipeline/maps/val/val_020_pixel_event_map.npz,/root/EV-UAV/log/versions/v2.0.0-2d-vision-pipeline/predictions/val/val_020_pred_mask.png,/root/EV-UAV/log/versions/v2.0.0-2d-vision-pipeline/predictions/val/val_020_prob.npy,/root/EV-UAV/log/versions/v2.0.0-2d-vision-pipeline/submission/val_020.txt,33159,316,2309,0.5,ok,
val_021,/root/EV-UAV/log/versions/v2.0.0-2d-vision-pipeline/images/val/val_021.png,/root/EV-UAV/log/versions/v2.0.0-2d-vision-pipeline/maps/val/val_021_pixel_event_map.npz,/root/EV-UAV/log/versions/v2.0.0-2d-vision-pipeline/predictions/val/val_021_pred_mask.png,/root/EV-UAV/log/versions/v2.0.0-2d-vision-pipeline/predictions/val/val_021_prob.npy,/root/EV-UAV/log/versions/v2.0.0-2d-vision-pipeline/submission/val_021.txt,18358,355,1493,0.5,ok,
val_022,/root/EV-UAV/log/versions/v2.0.0-2d-vision-pipeline/images/val/val_022.png,/root/EV-UAV/log/versions/v2.0.0-2d-vision-pipeline/maps/val/val_022_pixel_event_map.npz,/root/EV-UAV/log/versions/v2.0.0-2d-vision-pipeline/predictions/val/val_022_pred_mask.png,/root/EV-UAV/log/versions/v2.0.0-2d-vision-pipeline/predictions/val/val_022_prob.npy,/root/EV-UAV/log/versions/v2.0.0-2d-vision-pipeline/submission/val_022.txt,8165,599,1304,0.5,ok,
val_023,/root/EV-UAV/log/versions/v2.0.0-2d-vision-pipeline/images/val/val_023.png,/root/EV-UAV/log/versions/v2.0.0-2d-vision-pipeline/maps/val/val_023_pixel_event_map.npz,/root/EV-UAV/log/versions/v2.0.0-2d-vision-pipeline/predictions/val/val_023_pred_mask.png,/root/EV-UAV/log/versions/v2.0.0-2d-vision-pipeline/predictions/val/val_023_prob.npy,/root/EV-UAV/log/versions/v2.0.0-2d-vision-pipeline/submission/val_023.txt,391344,131,10380,0.5,ok,
