epoch,batch,loss,main_loss,trajectory_projection_dice_loss,trajectory_direction_loss,direction_cosine_loss,direction_confidence_bce,direction_valid_ratio,aggregation_apply_ratio,avg_neighbor_count,bottleneck_voxels,direction_aggregation_skipped,trajectory_projection_dice_weight,trajectory_direction_weight,lr
0,0,0.7628440856933594,0.40905851125717163,0.9708479642868042,0.6253117322921753,0.21041853725910187,0.6175121068954468,0.0011230219388380647,0.9990301174068402,8.797498723838693,78360,False,0.3,0.1,0.001
0,1,0.6787200570106506,0.38593119382858276,0.8443567752838135,0.39481818675994873,0.11474938690662384,0.43568849563598633,0.004760125186294317,0.9984264049253526,7.3720175455850825,50839,False,0.3,0.1,0.001
0,2,0.644632875919342,0.36451318860054016,0.8264583349227905,0.3218214809894562,0.14307688176631927,0.292427659034729,0.002534471917897463,0.9985064719548623,8.854599764656188,66286,False,0.3,0.1,0.001
0,3,0.640579879283905,0.3485068380832672,0.9049602746963501,0.2058495432138443,0.08191763609647751,0.21049824357032776,0.0009673878666944802,0.9983070712332335,6.176808736256581,53753,False,0.3,0.1,0.001
0,4,0.622278094291687,0.34204941987991333,0.8845339417457581,0.14868475496768951,0.060518886893987656,0.15415747463703156,0.0020554002840071917,0.99906789990679,8.268636026863602,41841,False,0.3,0.1,0.001
0,5,0.5814578533172607,0.32185256481170654,0.8273916840553284,0.11387736350297928,0.047224730253219604,0.11941296607255936,0.0035371012054383755,0.9966166858900423,6.665385108291683,39015,False,0.3,0.1,0.001
0,6,0.5750768184661865,0.3288455605506897,0.7911956906318665,0.08872495591640472,0.035772401839494705,0.09620411694049835,0.0017536849481984973,0.9974693660095898,7.458577517314864,45048,False,0.3,0.1,0.001
0,7,0.6552003622055054,0.35281795263290405,0.9775687456130981,0.09111736714839935,0.031087372452020645,0.1081072986125946,0.00046477108844555914,0.9997751107579517,10.252325729578184,133399,False,0.3,0.1,0.001
0,8,0.6136255264282227,0.3146445155143738,0.9525877237319946,0.13204720616340637,0.09389249235391617,0.07083665579557419,0.0009614939917810261,0.999482272454121,9.321702953820552,108165,False,0.3,0.1,0.001
0,9,0.6280468702316284,0.32579970359802246,0.986585259437561,0.062716044485569,0.029517414048314095,0.062408220022916794,0.00028094908338971436,0.999965945563984,14.64906052324641,117459,False,0.3,0.1,0.001
0,10,0.5747624039649963,0.3000401556491852,0.8657203316688538,0.1500614434480667,0.1218893751502037,0.052871983498334885,0.001869624829851091,0.9986133615854419,8.443381528106693,64184,False,0.3,0.1,0.001
0,11,0.4757034182548523,0.26517415046691895,0.6640791893005371,0.11305521428585052,0.0877559706568718,0.04766897112131119,0.0033742671366780996,0.9940812036729727,5.331341962606483,18078,False,0.3,0.1,0.001
0,12,0.5190815329551697,0.2797568142414093,0.779554545879364,0.054583702236413956,0.03302036225795746,0.040985144674777985,0.0011670920066535473,0.9980416592487092,10.842561272328052,50553,False,0.3,0.1,0.001
0,13,0.5651073455810547,0.2764807641506195,0.9322353005409241,0.08955956995487213,0.07067356258630753,0.03618089482188225,0.0008804465760476887,0.9995035779850886,9.19645198756135,106764,False,0.3,0.1,0.001
0,14,0.5803038477897644,0.2837089002132416,0.9571313261985779,0.09455488622188568,0.07656922936439514,0.034379422664642334,0.0007073913002386689,0.9995625343224401,9.449817102115658,107437,False,0.3,0.1,0.001
0,15,0.4413236379623413,0.24688279628753662,0.6367339491844177,0.03420655056834221,0.01604129560291767,0.03421395272016525,0.0017739747418090701,0.9936867369299802,5.22341646665971,19166,False,0.3,0.1,0.001
0,16,0.5824649930000305,0.2963705062866211,0.9436507821083069,0.029992613941431046,0.014464924111962318,0.029586389660835266,0.0008803172968327999,0.9991298012708949,8.77399117658963,98828,False,0.3,0.1,0.001
0,17,0.516578733921051,0.25083407759666443,0.8749290108680725,0.0326588936150074,0.019035331904888153,0.026231056079268456,0.0008424448897130787,0.9982075640795841,6.289693493457609,55790,False,0.3,0.1,0.001
0,18,0.5442488193511963,0.25397756695747375,0.9135782718658447,0.16197779774665833,0.14908118546009064,0.024967463687062263,0.0008780542993918061,0.9995373692359983,9.171097851127309,105916,False,0.3,0.1,0.001
0,19,0.5326904058456421,0.2539275288581848,0.9114394187927246,0.05331036448478699,0.04090874269604683,0.023861931636929512,0.0007450110861100256,0.9984212860310421,6.222509977827051,56375,False,0.3,0.1,0.001
0,20,0.41860103607177734,0.2393059879541397,0.5774001479148865,0.0607500784099102,0.04616272449493408,0.027533436194062233,0.0023323313798755407,0.9928993469472375,5.558204623198922,19294,False,0.3,0.1,0.001
0,21,0.5777498483657837,0.29164832830429077,0.9429753422737122,0.032088782638311386,0.020386992022395134,0.02264372818171978,0.0003791469207499176,0.997867298578199,9.863570300157978,63300,False,0.3,0.1,0.001
0,22,0.521659255027771,0.24005542695522308,0.9096392393112183,0.08712027221918106,0.07536715269088745,0.022439220920205116,0.0013781021116301417,0.9990278504812674,6.535686433706881,93607,False,0.3,0.1,0.001
0,23,0.5566543340682983,0.26618799567222595,0.9447567462921143,0.07039331644773483,0.0598471499979496,0.020338764414191246,0.0009495213744230568,0.9988708394282342,8.867759899402058,77934,False,0.3,0.1,0.001
0,24,0.5087741613388062,0.233891561627388,0.8839060068130493,0.09710808843374252,0.08678165078163147,0.019816255196928978,0.001382204587571323,0.9983513464004397,6.6810105080850635,60049,False,0.3,0.1,0.001
0,25,0.5070891976356506,0.2346045970916748,0.8816065788269043,0.08002603054046631,0.0702592134475708,0.018714608624577522,0.0011543051805347204,0.9980631150587913,6.005595445385714,51113,False,0.3,0.1,0.001
0,26,0.4035148024559021,0.2146865725517273,0.597669243812561,0.09527450799942017,0.08371329307556152,0.021859178319573402,0.002090343739837408,0.9933720811665138,5.439787906597329,19614,False,0.3,0.1,0.001
0,27,0.395048588514328,0.2159116417169571,0.5794004797935486,0.053168054670095444,0.03962182626128197,0.025030113756656647,0.003570116125047207,0.9931747781802909,5.6197826429358955,19047,False,0.3,0.1,0.001
0,28,0.4540831744670868,0.22779938578605652,0.7418410778045654,0.03731445223093033,0.027751276269555092,0.018213286995887756,0.0017779094632714987,0.9974566017235844,6.404474405511519,40497,False,0.3,0.1,0.001
0,29,0.5938240885734558,0.30150076746940613,0.9655019044876099,0.026727134361863136,0.01741892658174038,0.01796117052435875,0.0005117168184369802,0.9998193940670951,10.18689703956775,132886,False,0.3,0.1,0.001
0,30,0.44078245759010315,0.20756888389587402,0.7628266215324402,0.04365580901503563,0.029620174318552017,0.025710806250572205,0.005013583227992058,0.997769286834375,6.613070653974424,45277,False,0.3,0.1,0.001
0,31,0.4727212190628052,0.24581679701805115,0.7381385564804077,0.054628390818834305,0.045859504491090775,0.016897737979888916,0.0011505939764901996,0.9985818259659638,17.295809697099433,74744,False,0.3,0.1,0.001
0,32,0.4426085352897644,0.20521193742752075,0.7701268792152405,0.06358497589826584,0.053788259625434875,0.0184584129601717,0.0025570858269929886,0.9971288860975281,6.0423489300614595,44582,False,0.3,0.1,0.001
0,33,0.4905836284160614,0.21599173545837402,0.8794739842414856,0.10749690979719162,0.10020948946475983,0.014016499742865562,0.0009726703283376992,0.9992645663313722,8.085073068893529,84304,False,0.3,0.1,0.001
0,34,0.3758590519428253,0.19277998805046082,0.5871496796607971,0.06934139877557755,0.06000622734427452,0.017453700304031372,0.0017664061160758138,0.9939513970666952,5.160475323841131,18682,False,0.3,0.1,0.001
0,35,0.444402813911438,0.2134733349084854,0.7550324201583862,0.04419732093811035,0.03469858318567276,0.017748035490512848,0.001915939967148006,0.9988534532178741,8.329179615605105,66286,False,0.3,0.1,0.001
0,36,0.5728554129600525,0.27750396728515625,0.9734196662902832,0.03325492516160011,0.02631327137351036,0.013470149599015713,0.0004170110041741282,0.9997118832975714,10.669522560296002,131891,False,0.3,0.1,0.001
0,37,0.4160141050815582,0.19787822663784027,0.7177493572235107,0.028110321611166,0.019060587510466576,0.016840171068906784,0.0019610526505857706,0.9973320563688604,5.837095817941351,43854,False,0.3,0.1,0.001
0,38,0.36126410961151123,0.18736232817173004,0.5499081015586853,0.08929327875375748,0.07963237166404724,0.017766326665878296,0.0020309993997216225,0.9939070016034206,5.231320149652592,18710,False,0.3,0.1,0.001
0,39,0.3540528118610382,0.18479673564434052,0.5510573387145996,0.03938880190253258,0.03138738498091698,0.015083867125213146,0.0015845262678340077,0.9936618948748771,5.204567806797072,18302,False,0.3,0.1,0.001
0,40,0.4568171501159668,0.20157039165496826,0.8391523361206055,0.03501056134700775,0.028168875724077225,0.012990765273571014,0.0012516849674284458,0.9981513575967649,6.076449066050452,51930,False,0.3,0.1,0.001
0,41,0.5498318076133728,0.25388404726982117,0.9783958196640015,0.02429029531776905,0.01788008026778698,0.01237096730619669,0.00044119550148025155,0.9997413681624208,10.769262366785586,131461,False,0.3,0.1,0.001
0,42,0.5400071144104004,0.24818925559520721,0.9640350937843323,0.026073575019836426,0.01989089511334896,0.011986040510237217,0.0004411841800902039,0.9998280129513726,10.198607652675895,133731,False,0.3,0.1,0.001
0,43,0.37685683369636536,0.18722385168075562,0.621330976486206,0.03233696520328522,0.023371437564492226,0.016585441306233406,0.002281930297613144,0.9974719792389092,6.415177073312602,44699,False,0.3,0.1,0.001
0,44,0.45187634229660034,0.20622938871383667,0.797680139541626,0.06342881917953491,0.05607626214623451,0.013841677457094193,0.001467487309128046,0.9988886989228928,8.08497179004958,70188,False,0.3,0.1,0.001
0,45,0.3249070346355438,0.1757572740316391,0.4827624559402466,0.04321014881134033,0.03396571800112724,0.017030391842126846,0.0025491826236248016,0.9935162094763093,5.577389858686617,18045,False,0.3,0.1,0.001
0,46,0.36755722761154175,0.17496520280838013,0.6170156598091125,0.07487332075834274,0.0671699196100235,0.014384252950549126,0.001905523706227541,0.9970593770584361,6.075938646842947,42508,False,0.3,0.1,0.001
0,47,0.3186556100845337,0.16581225395202637,0.5037199258804321,0.017273854464292526,0.009384535253047943,0.014641791582107544,0.0016862545162439346,0.9932038834951457,5.400919775166071,19570,False,0.3,0.1,0.001
0,48,0.4648430049419403,0.19214347004890442,0.8778148889541626,0.09355077892541885,0.0870828852057457,0.012209421955049038,0.0012762680416926742,0.999020794366817,6.645395533061943,90890,False,0.3,0.1,0.001
0,49,0.4246858060359955,0.1894773244857788,0.7650414109230042,0.056960247457027435,0.049663517624139786,0.013635702431201935,0.0016245731385424733,0.9987966124640864,8.215015267979362,66479,False,0.3,0.1,0.001
0,50,0.4029795229434967,0.17754727602005005,0.7185747623443604,0.0985981747508049,0.0923788920044899,0.01181141659617424,0.0014155263779684901,0.9977240556218602,5.753920452968442,36029,False,0.3,0.1,0.001
0,51,0.5282898545265198,0.2354259490966797,0.9690797924995422,0.021399665623903275,0.01612025313079357,0.010291757993400097,0.0003435219987295568,0.9997610281762715,10.215881171260651,133907,False,0.3,0.1,0.001
0,52,0.4373863935470581,0.18327145278453827,0.8311767578125,0.047619134187698364,0.042202603071928024,0.010391232557594776,0.0009062800090759993,0.9994988804776629,8.769911504424778,93790,False,0.3,0.1,0.001
0,53,0.440325528383255,0.19168926775455475,0.8159114122390747,0.03862820565700531,0.03174559026956558,0.012856685556471348,0.0017441860400140285,0.9987936046511627,7.942005813953489,68800,False,0.3,0.1,0.001
0,54,0.4913310110569,0.19908738136291504,0.9399857521057129,0.10247882455587387,0.09743605554103851,0.009702084586024284,0.0007007970125414431,0.9996542734603489,9.230879920763215,107021,False,0.3,0.1,0.001
0,55,0.45192116498947144,0.18121123313903809,0.8809055685997009,0.06438243389129639,0.05866660177707672,0.010661601088941097,0.0009022013982757926,0.9984416521767658,6.6523079951445165,60962,False,0.3,0.1,0.001
0,56,0.5044851899147034,0.211615189909935,0.9726070165634155,0.010879114270210266,0.006310218945145607,0.008901321329176426,0.00024231593124568462,0.9996516708440925,10.767838617587593,132059,False,0.3,0.1,0.001
0,57,0.42620766162872314,0.17581775784492493,0.825311005115509,0.027965862303972244,0.02269805409014225,0.00989743135869503,0.000863710418343544,0.9979192430755943,5.98158726419724,50943,False,0.3,0.1,0.001
0,58,0.5010184645652771,0.2077370584011078,0.9701001048088074,0.022513696923851967,0.018467633053660393,0.007886681705713272,0.0002545743773225695,0.9988862370723945,8.175592680986476,94275,False,0.3,0.1,0.001
0,59,0.36058878898620605,0.16767938435077667,0.6026387214660645,0.12117791175842285,0.11339066177606583,0.014452410861849785,0.0031040306203067303,0.9986914380487211,9.010544574793444,65721,False,0.3,0.1,0.001
0,60,0.44887158274650574,0.1733080893754959,0.8915597796440125,0.08095541596412659,0.07633207738399506,0.008789456449449062,0.0007522123632952571,0.9989491150442478,6.382013274336283,90400,False,0.3,0.1,0.001
0,61,0.4206751585006714,0.19554093480110168,0.7358716726303101,0.04372716322541237,0.03714847192168236,0.012428092770278454,0.002478507813066244,0.9988952936677666,17.789114393756993,70607,False,0.3,0.1,0.001
0,62,0.44547978043556213,0.1709398478269577,0.8960516452789307,0.05724404752254486,0.05322736129164696,0.007749473210424185,0.0006545800715684891,0.9978775736898481,5.772999563613282,50414,False,0.3,0.1,0.001
0,63,0.4809950590133667,0.18777227401733398,0.9661568999290466,0.03375709801912308,0.029292840510606766,0.00856062676757574,0.0004883325891569257,0.9997746157198023,10.287364957252114,133106,False,0.3,0.1,0.001
0,64,0.4464397430419922,0.1663312315940857,0.9024612903594971,0.0937010645866394,0.08848059177398682,0.00970255397260189,0.0010073839221149683,0.9990676340410026,6.441555657961012,93311,False,0.3,0.1,0.001
0,65,0.31531399488449097,0.15922483801841736,0.49773484468460083,0.06768704205751419,0.05809811130166054,0.017401158809661865,0.003901637624949217,0.9946095795472046,5.665999281277273,19479,False,0.3,0.1,0.001
0,66,0.4042104184627533,0.21481607854366302,0.572878897190094,0.17530657351016998,0.16946513950824738,0.011063887737691402,0.0026438781060278416,0.9983966158359772,8.920649541159213,58626,False,0.3,0.1,0.001
0,67,0.48258092999458313,0.2002800852060318,0.917104959487915,0.0716932862997055,0.06734780967235565,0.008236194960772991,0.000797998858615756,0.9985114251952796,8.268158310697789,65163,False,0.3,0.1,0.001
0,68,0.4298112988471985,0.15882235765457153,0.8925042748451233,0.0323764868080616,0.02788667567074299,0.00852261297404766,0.0011760203633457422,0.9996919946612408,9.376317189497952,107141,False,0.3,0.1,0.001
0,69,0.44630658626556396,0.16078756749629974,0.9129741787910461,0.1162678450345993,0.1122913733124733,0.007573271170258522,0.0008898903033696115,0.9995739886965,9.129270763317587,105631,False,0.3,0.1,0.001
0,70,0.4480562210083008,0.16499784588813782,0.9266837239265442,0.050532594323158264,0.04652189463376999,0.007665240205824375,0.0009205217356793582,0.9995201535508638,9.356751145755807,102116,False,0.3,0.1,0.001
0,71,0.3608439266681671,0.14738965034484863,0.701326847076416,0.030561896041035652,0.025124182924628258,0.01018817164003849,0.002059210790321231,0.9972993957397968,5.8707760861492755,29623,False,0.3,0.1,0.001
0,72,0.3504546880722046,0.1437896341085434,0.6654456853866577,0.07031310349702835,0.06339865177869797,0.01279712375253439,0.003336472436785698,0.9969325978743442,6.256962195614153,37165,False,0.3,0.1,0.001
0,73,0.46658965945243835,0.18317073583602905,0.9425119757652283,0.006652933079749346,0.00308903562836349,0.006796510424464941,0.0003747482260223478,0.9986571522258483,8.218290835844666,64043,False,0.3,0.1,0.001
0,74,0.3225004971027374,0.1412109136581421,0.5769867897033691,0.08193523436784744,0.07750239223241806,0.00830917526036501,0.0013108033454045653,0.9972353964584475,7.627636502299864,41959,False,0.3,0.1,0.001
0,75,0.4432049095630646,0.15840500593185425,0.9268279075622559,0.06751503050327301,0.06381864845752716,0.007045289967209101,0.0007071290747262537,0.9995319004840348,9.077345975340119,100406,False,0.3,0.1,0.001
0,76,0.3846687972545624,0.14713017642498016,0.7730398774147034,0.05626651644706726,0.05050850659608841,0.010623627342283726,0.0018794834613800049,0.9988952654232425,8.020114777618364,69700,False,0.3,0.1,0.001
0,77,0.36767348647117615,0.1404857635498047,0.7449921369552612,0.03690093383193016,0.03230615332722664,0.0086207939311862,0.0014737669844180346,0.9981135783061506,6.074670858714875,50890,False,0.3,0.1,0.001
0,78,0.32222995162010193,0.13587269186973572,0.6079993844032288,0.03957425430417061,0.033699508756399155,0.010829800739884377,0.0024176170118153095,0.996820307983392,6.558049088137909,38054,False,0.3,0.1,0.001
0,79,0.39400190114974976,0.15448851883411407,0.7931311130523682,0.015740269795060158,0.010819998569786549,0.009149013087153435,0.0015079333679750562,0.998678890267825,18.46946101391836,74937,False,0.3,0.1,0.001
0,80,0.33984100818634033,0.13424436748027802,0.6708880662918091,0.04330231249332428,0.03763382136821747,0.010446138679981232,0.0021582734771072865,0.9974704107681597,7.065537247621258,43090,False,0.3,0.1,0.001
0,81,0.3381802439689636,0.13719800114631653,0.6491817235946655,0.06227729469537735,0.05770426616072655,0.00853763334453106,0.0015525211347267032,0.9981475600719806,12.13524575703045,56682,False,0.3,0.1,0.001
0,82,0.42431458830833435,0.1455080360174179,0.912984311580658,0.04911276698112488,0.045503001660108566,0.0068288263864815235,0.000770585669670254,0.9995596653456627,9.0560425923702,99924,False,0.3,0.1,0.001
0,83,0.44914165139198303,0.16168718039989471,0.9490970373153687,0.027253303676843643,0.023711154237389565,0.006745690945535898,0.0005101313581690192,0.9997374323888402,10.161996714153895,133299,False,0.3,0.1,0.001
0,84,0.4131157398223877,0.14134417474269867,0.8900914788246155,0.04744115099310875,0.044048555195331573,0.0064404369331896305,0.0006955263670533895,0.9997496105052304,9.262612211588397,107832,False,0.3,0.1,0.001
0,85,0.2794974446296692,0.13184583187103271,0.47822272777557373,0.041847892105579376,0.03523467481136322,0.01206528302282095,0.0025394721888005733,0.9934304957491443,5.110080600640389,18114,False,0.3,0.1,0.001
0,86,0.4591512680053711,0.1668609380722046,0.9550075531005859,0.05788049474358559,0.05369071662425995,0.00786588340997696,0.0008919110405258834,0.9997865512010307,10.80267420852423,131179,False,0.3,0.1,0.001
0,87,0.4244150221347809,0.14616885781288147,0.9008186459541321,0.08000560849905014,0.07650716602802277,0.006635059602558613,0.000846686540171504,0.9990269423242177,8.845700854268816,79132,False,0.3,0.1,0.001
0,88,0.3711940050125122,0.13064922392368317,0.7950963973999023,0.02015867829322815,0.0173376202583313,0.005369079299271107,0.0003285532002337277,0.9978547408295002,5.967144679370724,51742,False,0.3,0.1,0.001
0,89,0.472596138715744,0.18647624552249908,0.9484928846359253,0.015720315277576447,0.012154567055404186,0.006680913735181093,0.0007499822531826794,0.9990371849314374,8.850520426881797,98669,False,0.3,0.1,0.001
0,90,0.33735334873199463,0.12602362036705017,0.6923803091049194,0.036156296730041504,0.029825113713741302,0.011530324816703796,0.0021097525022923946,0.9974819083051655,5.72187563802999,44081,False,0.3,0.1,0.001
0,91,0.3807888627052307,0.1333368569612503,0.8021720051765442,0.06800411641597748,0.06315463036298752,0.008904981426894665,0.0013886502711102366,0.9987974574815324,7.829038538624521,69852,False,0.3,0.1,0.001
0,92,0.3573967218399048,0.12495017051696777,0.7692305445671082,0.016774049028754234,0.012724963016808033,0.007486503105610609,0.0010954538593068719,0.9986555793457152,6.609603478895916,60249,False,0.3,0.1,0.001
0,93,0.32623016834259033,0.11978563666343689,0.6763396859169006,0.03542587161064148,0.03020668774843216,0.009525512345135212,0.0015917230630293489,0.9975682009108193,5.837997966131671,45234,False,0.3,0.1,0.001
0,94,0.34884384274482727,0.13882595300674438,0.6921610832214355,0.023695409297943115,0.019305743277072906,0.008166066370904446,0.0012671203585341573,0.9984766081038754,18.511831202482988,70238,False,0.3,0.1,0.001
0,95,0.2614782750606537,0.11707703024148941,0.47045302391052246,0.03265319764614105,0.02505575120449066,0.013516654260456562,0.0022163360845297575,0.9931347640412995,5.0032974755392186,18499,False,0.3,0.1,0.001
0,96,0.3573452830314636,0.11892909556627274,0.7592604160308838,0.10638072341680527,0.10250940918922424,0.007294530514627695,0.0014846011763438582,0.9995051329297183,8.612540142142668,94975,False,0.3,0.1,0.001
0,97,0.3714832663536072,0.12182201445102692,0.8187645077705383,0.04031911492347717,0.037291593849658966,0.005720248445868492,0.0005407719290815294,0.9994028976363759,8.156283094116851,88762,False,0.3,0.1,0.001
0,98,0.38373568654060364,0.12700660526752472,0.8515624403953552,0.012603137642145157,0.008838508278131485,0.0069254436530172825,0.0007373968255706131,0.9981115447563893,6.195428139781659,55601,False,0.3,0.1,0.001
